"Address","Content Type","Status Code","Status","Indexability","Indexability Status","Title 1","Title 1 Length","Title 1 Pixel Width","Meta Description 1","Meta Description 1 Length","Meta Description 1 Pixel Width","Meta Keywords 1","Meta Keywords 1 Length","H1-1","H1-1 Length","H2-1","H2-1 Length","H2-2","H2-2 Length","Meta Robots 1","X-Robots-Tag 1","Meta Refresh 1","Canonical Link Element 1","rel=""next"" 1","rel=""prev"" 1","HTTP rel=""next"" 1","HTTP rel=""prev"" 1","amphtml Link Element","Size (bytes)","Transferred (bytes)","Total Transferred (bytes)","CO2 (mg)","Carbon Rating","Word Count","Sentence Count","Average Words Per Sentence","Flesch Reading Ease Score","Readability","Text Ratio","Crawl Depth","Folder Depth","Link Score","Inlinks","Unique Inlinks","Unique JS Inlinks","% of Total","Outlinks","Unique Outlinks","Unique JS Outlinks","External Outlinks","Unique External Outlinks","Unique External JS Outlinks","Closest Near Duplicate Match","No. Near Duplicates","Spelling Errors","Grammar Errors","Hash","Response Time","Last Modified","Redirect URL","Redirect Type","Cookies","Language","HTTP Version","Mobile Alternate Link","Closest Semantically Similar Address","Semantic Similarity Score","No. Semantically Similar","Semantic Relevance Score","URL Encoded Address","Crawl Timestamp"
"https://edicleanexteriorcleaning.co.uk/","text/html; charset=UTF-8","200","OK","Indexable","","EdiClean Exterior Cleaning - Professional Exterior Cleaning | Edinburgh, Midlothian, East Lothian and West Lothian","114","999","Expert roof cleaning, render softwashing, driveway, gutter, PVC and window cleaning across Edinburgh, Midlothian, East Lothian and West Lothian. Get a free quote for your property.","180","1119","","0","Exterior Cleaning Edinburgh","27","Why Choose EdiClean Exterior Cleaning?","38","Browse our services.","20","index, follow","","","https://edicleanexteriorcleaning.co.uk/","","","","","","126969","18172","18172","6.961","","967","235","4.115","65.391","Normal","5.318","0","0","","924","187","0","100.000","95","49","0","6","3","0","","","","","237448429e714de0dd615b2d33bfb37","0.164","","","","","en","1.1","","","","","","https://edicleanexteriorcleaning.co.uk/","2026-05-12 13:16:19"
"https://edicleanexteriorcleaning.co.uk/window-cleaning","text/html","301","Moved Permanently","Non-Indexable","Redirected","","0","0","","0","0","","0","","0","","0","","0","","","","","","","","","","98","98","98","0.038","","0","","","","","0.000","1","0","","4","2","0","1.070","0","0","0","0","0","0","","","","","","0.373","","https://edicleanexteriorcleaning.co.uk/window-cleaning/","HTTP Redirect","","","1.1","","","","","","https://edicleanexteriorcleaning.co.uk/window-cleaning","2026-05-12 13:16:20"
"https://edicleanexteriorcleaning.co.uk/render-softwashing","text/html","301","Moved Permanently","Non-Indexable","Redirected","","0","0","","0","0","","0","","0","","0","","0","","","","","","","","","","98","98","98","0.038","","0","","","","","0.000","1","0","","4","2","0","1.070","0","0","0","0","0","0","","","","","","0.380","","https://edicleanexteriorcleaning.co.uk/render-softwashing/","HTTP Redirect","","","1.1","","","","","","https://edicleanexteriorcleaning.co.uk/render-softwashing","2026-05-12 13:16:20"
"https://edicleanexteriorcleaning.co.uk/penicuik/","text/html; charset=UTF-8","200","OK","Indexable","","Exterior Cleaning Penicuik | Roof, Driveway & Gutter Cleaning | EdiClean Exterior Cleaning","90","783","Exterior cleaning in Penicuik, near Edinburgh: roof steam, render softwash, driveways, gutters, PVC and windows. Near Roslin & Loanhead. Free quote.","148","927","","0","Exterior Cleaning in Penicuik","29","Why Choose EdiClean Exterior Cleaning?","38","Our services in Penicuik","24","index, follow","","","https://edicleanexteriorcleaning.co.uk/penicuik/","","","","","","123700","19807","19807","7.588","","1294","272","4.757","64.907","Normal","7.194","1","1","","372","187","0","100.000","95","50","0","6","3","0","","","","","65811cb29a6cb58dd1843d40ffbceea1","0.259","","","","","en","1.1","","","","","","https://edicleanexteriorcleaning.co.uk/penicuik/","2026-05-12 13:16:20"
"https://edicleanexteriorcleaning.co.uk/portfolio/gal2.jpg","image/jpeg","200","OK","Indexable","","","0","0","","0","0","","0","","0","","0","","0","","","","","","","","","","382191","382191","382191","146.410","","0","","","","","0.000","1","1","","26","26","0","13.900","0","0","0","0","0","0","","","","","","0.151","","","","","","1.1","","","","","","https://edicleanexteriorcleaning.co.uk/portfolio/gal2.jpg","2026-05-12 13:16:20"
"https://edicleanexteriorcleaning.co.uk/roof-steam-cleaning","text/html","301","Moved Permanently","Non-Indexable","Redirected","","0","0","","0","0","","0","","0","","0","","0","","","","","","","","","","98","98","98","0.038","","0","","","","","0.000","1","0","","4","2","0","1.070","0","0","0","0","0","0","","","","","","0.329","","https://edicleanexteriorcleaning.co.uk/roof-steam-cleaning/","HTTP Redirect","","","1.1","","","","","","https://edicleanexteriorcleaning.co.uk/roof-steam-cleaning","2026-05-12 13:16:20"
"https://edicleanexteriorcleaning.co.uk/prestonpans/","text/html; charset=UTF-8","200","OK","Indexable","","Exterior Cleaning Prestonpans | Roof, Driveway & Gutter Cleaning | EdiClean Exterior Cleaning","93","820","Exterior cleaning in Prestonpans, near Edinburgh: roof steam, render softwash, driveways, gutters, PVC and windows. Near Musselburgh & Tranent. Free quote.","155","984","","0","Exterior Cleaning in Prestonpans","32","Why Choose EdiClean Exterior Cleaning?","38","Our services in Prestonpans","27","index, follow","","","https://edicleanexteriorcleaning.co.uk/prestonpans/","","","","","","124027","19812","19812","7.590","","1303","273","4.773","66.423","Normal","7.271","1","1","","372","187","0","100.000","95","50","0","6","3","0","","","","","375a2680dd94576c83629f2aa74f6606","0.403","","","","","en","1.1","","","","","","https://edicleanexteriorcleaning.co.uk/prestonpans/","2026-05-12 13:16:21"
"https://edicleanexteriorcleaning.co.uk/bonnyrigg/","text/html; charset=UTF-8","200","OK","Indexable","","Exterior Cleaning Bonnyrigg | Roof, Driveway & Gutter Cleaning | EdiClean Exterior Cleaning","91","797","Exterior cleaning in Bonnyrigg, near Edinburgh: roof steam, render softwash, driveways, gutters, PVC and windows. Near Dalkeith & Loanhead. Free quote.","151","949","","0","Exterior Cleaning in Bonnyrigg","30","Why Choose EdiClean Exterior Cleaning?","38","Our services in Bonnyrigg","25","index, follow","","","https://edicleanexteriorcleaning.co.uk/bonnyrigg/","","","","","","123745","19832","19832","7.597","","1291","270","4.781","65.416","Normal","7.194","1","1","","372","187","0","100.000","95","50","0","6","3","0","","","","","aa5914635ad303c567a03493bf27084b","0.332","","","","","en","1.1","","","","","","https://edicleanexteriorcleaning.co.uk/bonnyrigg/","2026-05-12 13:16:21"
"https://edicleanexteriorcleaning.co.uk/loanhead/","text/html; charset=UTF-8","200","OK","Indexable","","Exterior Cleaning Loanhead | Roof, Driveway & Gutter Cleaning | EdiClean Exterior Cleaning","90","795","Exterior cleaning in Loanhead, near Edinburgh: roof steam, render softwash, driveways, gutters, PVC and windows. Near Bonnyrigg & Roslin. Free quote.","149","937","","0","Exterior Cleaning in Loanhead","29","Why Choose EdiClean Exterior Cleaning?","38","Our services in Loanhead","24","index, follow","","","https://edicleanexteriorcleaning.co.uk/loanhead/","","","","","","123664","19833","19833","7.598","","1295","270","4.796","67.260","Normal","7.164","1","1","","372","187","0","100.000","95","50","0","6","3","0","","","","","98d23772540f715fff7557278ef1e622","0.386","","","","","en","1.1","","","","","","https://edicleanexteriorcleaning.co.uk/loanhead/","2026-05-12 13:16:20"
"https://edicleanexteriorcleaning.co.uk/fairmilehead/","text/html; charset=UTF-8","200","OK","Indexable","","Exterior Cleaning Fairmilehead | Roof, Driveway & Gutter Cleaning | EdiClean Exterior Cleaning","94","822","Exterior cleaning in Fairmilehead, near Edinburgh: roof steam, render softwash, driveways, gutters, PVC and windows. Near Morningside & Buckstone. Free quote.","158","999","","0","Exterior Cleaning in Fairmilehead","33","Why Choose EdiClean Exterior Cleaning?","38","Our services in Fairmilehead","28","index, follow","","","https://edicleanexteriorcleaning.co.uk/fairmilehead/","","","","","","124114","19914","19914","7.629","","1305","273","4.780","63.835","Normal","7.310","1","1","","372","187","0","100.000","95","50","0","6","3","0","","","","","d47cfdaffdee644df022a928a6057981","0.402","","","","","en","1.1","","","","","","https://edicleanexteriorcleaning.co.uk/fairmilehead/","2026-05-12 13:16:20"
"https://edicleanexteriorcleaning.co.uk/blackhall/","text/html; charset=UTF-8","200","OK","Indexable","","Exterior Cleaning Blackhall | Roof, Driveway & Gutter Cleaning | EdiClean Exterior Cleaning","91","787","Exterior cleaning in Blackhall, near Edinburgh: roof steam, render softwash, driveways, gutters, PVC and windows. Near Davidsons Mains & Ravelston. Free quote.","159","998","","0","Exterior Cleaning in Blackhall","30","Why Choose EdiClean Exterior Cleaning?","38","Our services in Blackhall","25","index, follow","","","https://edicleanexteriorcleaning.co.uk/blackhall/","","","","","","124042","19898","19898","7.623","","1326","277","4.787","68.632","Normal","7.327","1","1","","372","187","0","100.000","95","50","0","6","3","0","","","","","2b7e091e9c025dc5637cb71a9389ee94","0.571","","","","","en","1.1","","","","","","https://edicleanexteriorcleaning.co.uk/blackhall/","2026-05-12 13:16:21"
"https://edicleanexteriorcleaning.co.uk/portfolio/gal3.jpg","image/jpeg","200","OK","Indexable","","","0","0","","0","0","","0","","0","","0","","0","","","","","","","","","","772395","772395","772395","295.890","","0","","","","","0.000","1","1","","26","26","0","13.900","0","0","0","0","0","0","","","","","","0.051","","","","","","1.1","","","","","","https://edicleanexteriorcleaning.co.uk/portfolio/gal3.jpg","2026-05-12 13:16:21"
"https://edicleanexteriorcleaning.co.uk/contact/","text/html; charset=UTF-8","200","OK","Indexable","","Contact Us - EdiClean Exterior Cleaning | Get a Free Quote","58","509","Contact EdiClean Exterior Cleaning for a free quote on exterior cleaning. Call 07886 083152 or fill out our form. Roof, render, driveway, gutter, PVC and window cleaning across Edinburgh, Midlothian, East Lothian and West Lothian.","230","1417","","0","","0","Get in touch for your free, no-obligation quote","47","","0","index, follow","","","https://edicleanexteriorcleaning.co.uk/contact/","","","","","","38185","9187","9187","3.519","","122","37","3.297","55.785","Fairly Hard","3.680","1","1","","1116","187","0","100.000","46","37","0","2","2","0","","","","","5f31fffb0ed4836590a0b6d00c05788e","0.326","","","","","en","1.1","","","","","","https://edicleanexteriorcleaning.co.uk/contact/","2026-05-12 13:16:21"
"https://edicleanexteriorcleaning.co.uk/kirkliston/","text/html; charset=UTF-8","200","OK","Indexable","","Exterior Cleaning Kirkliston | Roof, Driveway & Gutter Cleaning | EdiClean Exterior Cleaning","92","790","Exterior cleaning in Kirkliston, near Edinburgh: roof steam, render softwash, driveways, gutters, PVC and windows. Near South Queensferry & Ratho. Free quote.","158","985","","0","Exterior Cleaning in Kirkliston","31","Why Choose EdiClean Exterior Cleaning?","38","Our services in Kirkliston","26","index, follow","","","https://edicleanexteriorcleaning.co.uk/kirkliston/","","","","","","123934","19793","19793","7.582","","1302","273","4.769","66.127","Normal","7.252","1","1","","372","187","0","100.000","95","50","0","6","3","0","","","","","8eb4d7cd9a211fd218d2eaa10beb7bac","0.254","","","","","en","1.1","","","","","","https://edicleanexteriorcleaning.co.uk/kirkliston/","2026-05-12 13:16:21"
"https://edicleanexteriorcleaning.co.uk/gallery/","text/html; charset=UTF-8","200","OK","Indexable","","Gallery - EdiClean Exterior Cleaning | Our Exterior Cleaning Work","65","560","View our exterior cleaning gallery. Roof, render, driveway and property cleaning across Edinburgh, Midlothian, East Lothian and West Lothian.","141","869","","0","Our Work - Exterior Cleaning Results","36","","0","","0","index, follow","","","https://edicleanexteriorcleaning.co.uk/gallery/","","","","","","35633","8061","8061","3.088","","88","26","3.385","47.659","Hard","3.003","1","1","","214","187","0","100.000","46","37","0","2","2","0","","","","","c6845a27446507169cad43d833de13ad","0.287","","","","","en","1.1","","","","","","https://edicleanexteriorcleaning.co.uk/gallery/","2026-05-12 13:16:21"
"https://edicleanexteriorcleaning.co.uk/portfolio/gal4.jpg","image/jpeg","200","OK","Indexable","","","0","0","","0","0","","0","","0","","0","","0","","","","","","","","","","589868","589868","589868","225.967","","0","","","","","0.000","1","1","","26","26","0","13.900","0","0","0","0","0","0","","","","","","0.048","","","","","","1.1","","","","","","https://edicleanexteriorcleaning.co.uk/portfolio/gal4.jpg","2026-05-12 13:16:22"
"https://edicleanexteriorcleaning.co.uk/_astro/_service_.Dgihpmma.css","text/css; charset=UTF-8","200","OK","Indexable","","","0","0","","0","0","","0","","0","","0","","0","","","","","","","","","","0","0","0","0.000","","0","","","","","0.000","1","1","","0","0","0","0.000","0","0","0","0","0","0","","","","","","0.170","","","","","","1.1","","","","","","https://edicleanexteriorcleaning.co.uk/_astro/_service_.Dgihpmma.css","2026-05-12 13:16:22"
"https://edicleanexteriorcleaning.co.uk/livingston/","text/html; charset=UTF-8","200","OK","Indexable","","Exterior Cleaning Livingston | Roof, Driveway & Gutter Cleaning | EdiClean Exterior Cleaning","92","799","Exterior cleaning in Livingston, near Edinburgh: roof steam, render softwash, driveways, gutters, PVC and windows. Near Linlithgow & Bathgate. Free quote.","154","959","","0","Exterior Cleaning in Livingston","31","Why Choose EdiClean Exterior Cleaning?","38","Our services in Livingston","26","index, follow","","","https://edicleanexteriorcleaning.co.uk/livingston/","","","","","","123853","19817","19817","7.592","","1276","270","4.726","64.265","Normal","7.200","1","1","","372","187","0","100.000","95","50","0","6","3","0","","","","","b1d0aa17be92c2e22a7f0122888240fa","0.257","","","","","en","1.1","","","","","","https://edicleanexteriorcleaning.co.uk/livingston/","2026-05-12 13:16:21"
"https://edicleanexteriorcleaning.co.uk/balerno/","text/html; charset=UTF-8","200","OK","Indexable","","Exterior Cleaning Balerno | Roof, Driveway & Gutter Cleaning | EdiClean Exterior Cleaning","89","775","Exterior cleaning in Balerno, near Edinburgh: roof steam, render softwash, driveways, gutters, PVC and windows. Near Currie & Juniper Green. Free quote.","152","946","","0","Exterior Cleaning in Balerno","28","Why Choose EdiClean Exterior Cleaning?","38","Our services in Balerno","23","index, follow","","","https://edicleanexteriorcleaning.co.uk/balerno/","","","","","","123696","19859","19859","7.608","","1311","270","4.856","65.811","Normal","7.221","1","1","","372","187","0","100.000","95","50","0","6","3","0","","","","","9facfc8021972fd5dd0fb3ea82db820","0.432","","","","","en","1.1","","","","","","https://edicleanexteriorcleaning.co.uk/balerno/","2026-05-12 13:16:21"
"https://edicleanexteriorcleaning.co.uk/morningside/","text/html; charset=UTF-8","200","OK","Indexable","","Exterior Cleaning Morningside | Roof, Driveway & Gutter Cleaning | EdiClean Exterior Cleaning","93","818","Exterior cleaning in Morningside, near Edinburgh: roof steam, render softwash, driveways, gutters, PVC and windows. Near Bruntsfield & Marchmont. Free quote.","157","992","","0","Exterior Cleaning in Morningside","32","Why Choose EdiClean Exterior Cleaning?","38","Our services in Morningside","27","index, follow","","","https://edicleanexteriorcleaning.co.uk/morningside/","","","","","","124024","19757","19757","7.569","","1299","273","4.758","65.174","Normal","7.290","1","1","","372","187","0","100.000","95","50","0","6","3","0","","","","","2ef9d9229dda6d8cac0fa5a2aa752861","0.281","","","","","en","1.1","","","","","","https://edicleanexteriorcleaning.co.uk/morningside/","2026-05-12 13:16:22"
"https://edicleanexteriorcleaning.co.uk/portfolio/gal5.jpg","image/jpeg","200","OK","Indexable","","","0","0","","0","0","","0","","0","","0","","0","","","","","","","","","","685201","685201","685201","262.487","","0","","","","","0.000","1","1","","26","26","0","13.900","0","0","0","0","0","0","","","","","","0.231","","","","","","1.1","","","","","","https://edicleanexteriorcleaning.co.uk/portfolio/gal5.jpg","2026-05-12 13:16:22"
"https://edicleanexteriorcleaning.co.uk/north-berwick/","text/html; charset=UTF-8","200","OK","Indexable","","Exterior Cleaning North Berwick | Roof, Driveway & Gutter Cleaning | EdiClean Exterior Cleaning","95","833","Exterior cleaning in North Berwick, near Edinburgh: roof steam, render softwash, driveways, gutters, PVC and windows. Near Gullane & Haddington. Free quote.","156","982","","0","Exterior Cleaning in North Berwick","34","Why Choose EdiClean Exterior Cleaning?","38","Our services in North Berwick","29","index, follow","","","https://edicleanexteriorcleaning.co.uk/north-berwick/","","","","","","124095","19806","19806","7.587","","1324","272","4.868","67.454","Normal","7.297","1","1","","372","187","0","100.000","95","50","0","6","3","0","","","","","4e520309ae1bfebc2ae1c171392ac15a","0.272","","","","","en","1.1","","","","","","https://edicleanexteriorcleaning.co.uk/north-berwick/","2026-05-12 13:16:22"
"https://edicleanexteriorcleaning.co.uk/davidsons-mains/","text/html; charset=UTF-8","200","OK","Indexable","","Exterior Cleaning Davidsons Mains | Roof, Driveway & Gutter Cleaning | EdiClean Exterior Cleaning","97","859","Exterior cleaning in Davidsons Mains, near Edinburgh: roof steam, render softwash, driveways, gutters, PVC and windows. Near Cramond & Blackhall. Free quote.","157","994","","0","Exterior Cleaning in Davidsons Mains","36","Why Choose EdiClean Exterior Cleaning?","38","Our services in Davidsons Mains","31","index, follow","","","https://edicleanexteriorcleaning.co.uk/davidsons-mains/","","","","","","124232","19721","19721","7.555","","1328","276","4.812","68.490","Normal","7.325","1","1","","372","187","0","100.000","95","50","0","6","3","0","","","","","9c988524161c71b40859df3274df0a2b","0.370","","","","","en","1.1","","","","","","https://edicleanexteriorcleaning.co.uk/davidsons-mains/","2026-05-12 13:16:22"
"https://edicleanexteriorcleaning.co.uk/cramond/","text/html; charset=UTF-8","200","OK","Indexable","","Exterior Cleaning Cramond | Roof, Driveway & Gutter Cleaning | EdiClean Exterior Cleaning","89","789","Exterior cleaning in Cramond, near Edinburgh: roof steam, render softwash, driveways, gutters, PVC and windows. Near Barnton & Davidsons Mains. Free quote.","155","987","","0","Exterior Cleaning in Cramond","28","Why Choose EdiClean Exterior Cleaning?","38","Our services in Cramond","23","index, follow","","","https://edicleanexteriorcleaning.co.uk/cramond/","","","","","","123757","19792","19792","7.582","","1304","275","4.742","68.959","Normal","7.196","1","1","","372","187","0","100.000","95","50","0","6","3","0","","","","","2c31b23a485d9b48cc10305c33d33bf1","0.280","","","","","en","1.1","","","","","","https://edicleanexteriorcleaning.co.uk/cramond/","2026-05-12 13:16:22"
"https://edicleanexteriorcleaning.co.uk/portfolio/gal6.jpg","image/jpeg","200","OK","Indexable","","","0","0","","0","0","","0","","0","","0","","0","","","","","","","","","","464391","464391","464391","177.899","","0","","","","","0.000","1","1","","26","26","0","13.900","0","0","0","0","0","0","","","","","","0.188","","","","","","1.1","","","","","","https://edicleanexteriorcleaning.co.uk/portfolio/gal6.jpg","2026-05-12 13:16:22"
"https://edicleanexteriorcleaning.co.uk/corstorphine/","text/html; charset=UTF-8","200","OK","Indexable","","Exterior Cleaning Corstorphine | Roof, Driveway & Gutter Cleaning | EdiClean Exterior Cleaning","94","823","Exterior cleaning in Corstorphine, near Edinburgh: roof steam, render softwash, driveways, gutters, PVC and windows. Near Murrayfield & Barnton. Free quote.","156","975","","0","Exterior Cleaning in Corstorphine","33","Why Choose EdiClean Exterior Cleaning?","38","Our services in Corstorphine","28","index, follow","","","https://edicleanexteriorcleaning.co.uk/corstorphine/","","","","","","123993","19842","19842","7.601","","1300","274","4.745","67.831","Normal","7.246","1","1","","372","187","0","100.000","95","50","0","6","3","0","","","","","4f213af01f97b53c2d9a26b451207ba3","0.267","","","","","en","1.1","","","","","","https://edicleanexteriorcleaning.co.uk/corstorphine/","2026-05-12 13:16:22"
"https://edicleanexteriorcleaning.co.uk/trinity/","text/html; charset=UTF-8","200","OK","Indexable","","Exterior Cleaning Trinity | Roof, Driveway & Gutter Cleaning | EdiClean Exterior Cleaning","89","763","Exterior cleaning in Trinity, near Edinburgh: roof steam, render softwash, driveways, gutters, PVC and windows. Near Newhaven & Leith. Free quote.","146","909","","0","Exterior Cleaning in Trinity","28","Why Choose EdiClean Exterior Cleaning?","38","Our services in Trinity","23","index, follow","","","https://edicleanexteriorcleaning.co.uk/trinity/","","","","","","123564","19877","19877","7.615","","1277","269","4.747","64.086","Normal","7.129","1","1","","372","187","0","100.000","95","50","0","6","3","0","","","","","fb1e722fe79ecfba30fe44ec05086b0e","0.382","","","","","en","1.1","","","","","","https://edicleanexteriorcleaning.co.uk/trinity/","2026-05-12 13:16:22"
"https://edicleanexteriorcleaning.co.uk/driveway-cleaning","text/html","301","Moved Permanently","Non-Indexable","Redirected","","0","0","","0","0","","0","","0","","0","","0","","","","","","","","","","98","98","98","0.038","","0","","","","","0.000","1","0","","4","2","0","1.070","0","0","0","0","0","0","","","","","","0.361","","https://edicleanexteriorcleaning.co.uk/driveway-cleaning/","HTTP Redirect","","","1.1","","","","","","https://edicleanexteriorcleaning.co.uk/driveway-cleaning","2026-05-12 13:16:23"
"https://edicleanexteriorcleaning.co.uk/tranent/","text/html; charset=UTF-8","200","OK","Indexable","","Exterior Cleaning Tranent | Roof, Driveway & Gutter Cleaning | EdiClean Exterior Cleaning","89","777","Exterior cleaning in Tranent, near Edinburgh: roof steam, render softwash, driveways, gutters, PVC and windows. Near Musselburgh & Prestonpans. Free quote.","155","984","","0","Exterior Cleaning in Tranent","28","Why Choose EdiClean Exterior Cleaning?","38","Our services in Tranent","23","index, follow","","","https://edicleanexteriorcleaning.co.uk/tranent/","","","","","","123909","19853","19853","7.605","","1318","276","4.775","67.578","Normal","7.321","1","1","","372","187","0","100.000","95","50","0","6","3","0","","","","","24ab8fd7bdf0ccfd29d5f272610e070","0.279","","","","","en","1.1","","","","","","https://edicleanexteriorcleaning.co.uk/tranent/","2026-05-12 13:16:22"
"https://edicleanexteriorcleaning.co.uk/portfolio/window-cleaning.jpg","image/jpeg","200","OK","Indexable","","","0","0","","0","0","","0","","0","","0","","0","","","","","","","","","","31105","31105","31105","11.916","","0","","","","","0.000","1","1","","0","0","0","0.000","0","0","0","0","0","0","","","","","","0.071","","","","","","1.1","","","","","","https://edicleanexteriorcleaning.co.uk/portfolio/window-cleaning.jpg","2026-05-12 13:16:23"
"https://edicleanexteriorcleaning.co.uk/haddington/","text/html; charset=UTF-8","200","OK","Indexable","","Exterior Cleaning Haddington | Roof, Driveway & Gutter Cleaning | EdiClean Exterior Cleaning","92","811","Exterior cleaning in Haddington, near Edinburgh: roof steam, render softwash, driveways, gutters, PVC and windows. Near Tranent & North Berwick. Free quote.","156","984","","0","Exterior Cleaning in Haddington","31","Why Choose EdiClean Exterior Cleaning?","38","Our services in Haddington","26","index, follow","","","https://edicleanexteriorcleaning.co.uk/haddington/","","","","","","124067","20031","20031","7.673","","1332","274","4.861","68.141","Normal","7.347","1","1","","372","187","0","100.000","95","50","0","6","3","0","","","","","1451b32bd551d5e031a44c82eaeec6be","0.433","","","","","en","1.1","","","","","","https://edicleanexteriorcleaning.co.uk/haddington/","2026-05-12 13:16:23"
"https://edicleanexteriorcleaning.co.uk/pvc-white-cleaning","text/html","301","Moved Permanently","Non-Indexable","Redirected","","0","0","","0","0","","0","","0","","0","","0","","","","","","","","","","98","98","98","0.038","","0","","","","","0.000","1","0","","4","2","0","1.070","0","0","0","0","0","0","","","","","","0.351","","https://edicleanexteriorcleaning.co.uk/pvc-white-cleaning/","HTTP Redirect","","","1.1","","","","","","https://edicleanexteriorcleaning.co.uk/pvc-white-cleaning","2026-05-12 13:16:23"
"https://edicleanexteriorcleaning.co.uk/south-queensferry/","text/html; charset=UTF-8","200","OK","Indexable","","Exterior Cleaning South Queensferry | Roof, Driveway & Gutter Cleaning | EdiClean Exterior Cleaning","99","873","Exterior cleaning in South Queensferry, near Edinburgh: roof steam, render softwash, driveways, gutters, PVC and windows. Near Kirkliston & Dalmeny. Free quote.","160","1002","","0","Exterior Cleaning in South Queensferry","38","Why Choose EdiClean Exterior Cleaning?","38","Our services in South Queensferry","33","index, follow","","","https://edicleanexteriorcleaning.co.uk/south-queensferry/","","","","","","124354","19791","19791","7.582","","1325","271","4.889","66.704","Normal","7.351","1","1","","372","187","0","100.000","95","50","0","6","3","0","","","","","3cafbdc0838affb72c49adb2044883af","0.291","","","","","en","1.1","","","","","","https://edicleanexteriorcleaning.co.uk/south-queensferry/","2026-05-12 13:16:23"
"https://edicleanexteriorcleaning.co.uk/murrayfield/","text/html; charset=UTF-8","200","OK","Indexable","","Exterior Cleaning Murrayfield | Roof, Driveway & Gutter Cleaning | EdiClean Exterior Cleaning","93","807","Exterior cleaning in Murrayfield, near Edinburgh: roof steam, render softwash, driveways, gutters, PVC and windows. Near Corstorphine & Roseburn. Free quote.","157","985","","0","Exterior Cleaning in Murrayfield","32","Why Choose EdiClean Exterior Cleaning?","38","Our services in Murrayfield","27","index, follow","","","https://edicleanexteriorcleaning.co.uk/murrayfield/","","","","","","124041","19806","19806","7.587","","1302","276","4.717","65.725","Normal","7.290","1","1","","372","187","0","100.000","95","50","0","6","3","0","","","","","8412d8290d00df5a026311e6d43eb1dd","0.460","","","","","en","1.1","","","","","","https://edicleanexteriorcleaning.co.uk/murrayfield/","2026-05-12 13:16:23"
"https://edicleanexteriorcleaning.co.uk/portfolio/driveway-cleaning.jpg","image/jpeg","200","OK","Indexable","","","0","0","","0","0","","0","","0","","0","","0","","","","","","","","","","843982","843982","843982","323.313","","0","","","","","0.000","1","1","","0","0","0","0.000","0","0","0","0","0","0","","","","","","0.052","","","","","","1.1","","","","","","https://edicleanexteriorcleaning.co.uk/portfolio/driveway-cleaning.jpg","2026-05-12 13:16:24"
"https://edicleanexteriorcleaning.co.uk/window-cleaning/","text/html; charset=UTF-8","200","OK","Indexable","","Window Cleaning - EdiClean Exterior Cleaning | Edinburgh, Midlothian, East Lothian and West Lothian","99","888","Residential and commercial window cleaning. Professional window washing for sparkling results every time.","105","671","","0","Window Cleaning","15","Why Choose Our Window Cleaning?","31","How It Works","12","index, follow","","","https://edicleanexteriorcleaning.co.uk/window-cleaning/","","","","","","79001","14573","14573","5.583","","574","152","3.776","73.449","Fairly Easy","5.124","1","1","","188","187","0","100.000","74","37","0","6","3","0","","","","","62b07daf97b1c81c2136add40093511e","0.327","","","","","en","1.1","","","","","","https://edicleanexteriorcleaning.co.uk/window-cleaning/","2026-05-12 13:16:24"
"https://edicleanexteriorcleaning.co.uk/services/","text/html; charset=UTF-8","200","OK","Indexable","","Our Services - EdiClean Exterior Cleaning | Roof, Render, Driveway & More","73","644","Roof steam cleaning, render softwashing, driveway, gutter, PVC and window cleaning across Edinburgh, Midlothian, East Lothian and West Lothian. Professional exterior cleaning for your property.","193","1207","","0","Expert Exterior Cleaning Services","33","Browse our services.","20","Get in touch for your free, no-obligation quote","47","index, follow","","","https://edicleanexteriorcleaning.co.uk/services/","","","","","","67637","11191","11191","4.287","","292","80","3.650","45.230","Hard","3.949","1","1","","383","187","0","100.000","59","43","0","2","2","0","","","","","9e2f114ce0aa05d4c30a3f43257bfbbb","0.498","","","","","en","1.1","","","","","","https://edicleanexteriorcleaning.co.uk/services/","2026-05-12 13:16:24"
"https://edicleanexteriorcleaning.co.uk/gutter-cleaning","text/html","301","Moved Permanently","Non-Indexable","Redirected","","0","0","","0","0","","0","","0","","0","","0","","","","","","","","","","98","98","98","0.038","","0","","","","","0.000","1","0","","4","2","0","1.070","0","0","0","0","0","0","","","","","","0.286","","https://edicleanexteriorcleaning.co.uk/gutter-cleaning/","HTTP Redirect","","","1.1","","","","","","https://edicleanexteriorcleaning.co.uk/gutter-cleaning","2026-05-12 13:16:25"
"https://edicleanexteriorcleaning.co.uk/render-softwashing/","text/html; charset=UTF-8","200","OK","Indexable","","Render Softwashing - EdiClean Exterior Cleaning | Edinburgh, Midlothian, East Lothian and West Lothian","102","912","Render softwashing specialists providing professional render cleaning and softwash render cleaning. Expert stain removal from render surfaces without damage.","157","998","","0","Render Softwashing","18","Why Choose Our Render Softwashing?","34","How It Works","12","index, follow","","","https://edicleanexteriorcleaning.co.uk/render-softwashing/","","","","","","79416","14703","14703","5.632","","583","158","3.690","67.991","Normal","5.373","1","1","","188","187","0","100.000","74","37","0","6","3","0","","","","","70f62b8560d057da9c19f741327b812b","0.287","","","","","en","1.1","","","","","","https://edicleanexteriorcleaning.co.uk/render-softwashing/","2026-05-12 13:16:24"
"https://edicleanexteriorcleaning.co.uk/pvc-white-cleaning/","text/html; charset=UTF-8","200","OK","Indexable","","PVC White Cleaning - EdiClean Exterior Cleaning | Edinburgh, Midlothian, East Lothian and West Lothian","102","911","PVC white cleaning specialists: PVC fascias, soffit and gutter cleaning. Professional fascia and soffit cleaning and PVC restoration.","133","810","","0","PVC White Cleaning","18","Why Choose Our PVC White Cleaning?","34","How It Works","12","index, follow","","","https://edicleanexteriorcleaning.co.uk/pvc-white-cleaning/","","","","","","79240","14676","14676","5.622","","586","158","3.709","75.449","Fairly Easy","5.274","1","1","","188","187","0","100.000","74","37","0","6","3","0","","","","","8e9378f125ffb536b3760c08dfb9516e","0.398","","","","","en","1.1","","","","","","https://edicleanexteriorcleaning.co.uk/pvc-white-cleaning/","2026-05-12 13:16:25"
"https://edicleanexteriorcleaning.co.uk/gutter-cleaning/","text/html; charset=UTF-8","200","OK","Indexable","","Gutter Cleaning - EdiClean Exterior Cleaning | Edinburgh, Midlothian, East Lothian and West Lothian","99","871","Gutter cleaning and gutter maintenance across Edinburgh, Midlothian, East Lothian and West Lothian. Expert gutter clearing service and gutter inspection and cleaning.","166","1036","","0","Gutter Cleaning","15","Why Choose Our Gutter Cleaning?","31","How It Works","12","index, follow","","","https://edicleanexteriorcleaning.co.uk/gutter-cleaning/","","","","","","79325","14623","14623","5.602","","585","154","3.799","71.524","Fairly Easy","5.284","1","1","","188","187","0","100.000","74","37","0","6","3","0","","","","","c852b7fd85fea2f78498422d705153df","0.364","","","","","en","1.1","","","","","","https://edicleanexteriorcleaning.co.uk/gutter-cleaning/","2026-05-12 13:16:25"
"https://edicleanexteriorcleaning.co.uk/logo.png","image/png","200","OK","Indexable","","","0","0","","0","0","","0","","0","","0","","0","","","","","","","","","","143230","143230","143230","54.869","","0","","","","","0.000","1","0","","0","0","0","0.000","0","0","0","0","0","0","","","","","","0.054","","","","","","1.1","","","","","","https://edicleanexteriorcleaning.co.uk/logo.png","2026-05-12 13:16:25"
"https://edicleanexteriorcleaning.co.uk/linlithgow/","text/html; charset=UTF-8","200","OK","Indexable","","Exterior Cleaning Linlithgow | Roof, Driveway & Gutter Cleaning | EdiClean Exterior Cleaning","92","799","Exterior cleaning in Linlithgow, near Edinburgh: roof steam, render softwash, driveways, gutters, PVC and windows. Near Livingston & Bathgate. Free quote.","154","959","","0","Exterior Cleaning in Linlithgow","31","Why Choose EdiClean Exterior Cleaning?","38","Our services in Linlithgow","26","index, follow","","","https://edicleanexteriorcleaning.co.uk/linlithgow/","","","","","","123907","19860","19860","7.608","","1320","272","4.853","68.408","Normal","7.247","1","1","","372","187","0","100.000","95","50","0","6","3","0","","","","","56a20dcd4d9721ff568a73a0acb06a8f","0.383","","","","","en","1.1","","","","","","https://edicleanexteriorcleaning.co.uk/linlithgow/","2026-05-12 13:16:25"
"https://edicleanexteriorcleaning.co.uk/driveway-cleaning/","text/html; charset=UTF-8","200","OK","Indexable","","Driveway Cleaning - EdiClean Exterior Cleaning | Edinburgh, Midlothian, East Lothian and West Lothian","101","897","Driveway cleaning, pressure washing and driveway restoration. Professional patio and driveway cleaning with pressure washing services.","134","848","","0","Driveway Cleaning","17","Why Choose Our Driveway Cleaning?","33","How It Works","12","index, follow","","","https://edicleanexteriorcleaning.co.uk/driveway-cleaning/","","","","","","79205","14586","14586","5.588","","578","153","3.778","71.563","Fairly Easy","5.233","1","1","","188","187","0","100.000","74","37","0","6","3","0","","","","","dd7fc6087341df7ddfc1b8cb702f4748","0.154","","","","","en","1.1","","","","","","https://edicleanexteriorcleaning.co.uk/driveway-cleaning/","2026-05-12 13:16:25"
"https://edicleanexteriorcleaning.co.uk/musselburgh/","text/html; charset=UTF-8","200","OK","Indexable","","Exterior Cleaning Musselburgh | Roof, Driveway & Gutter Cleaning | EdiClean Exterior Cleaning","93","823","Exterior cleaning in Musselburgh, near Edinburgh: roof steam, render softwash, driveways, gutters, PVC and windows. Near Prestonpans & Tranent. Free quote.","155","984","","0","Exterior Cleaning in Musselburgh","32","Why Choose EdiClean Exterior Cleaning?","38","Our services in Musselburgh","27","index, follow","","","https://edicleanexteriorcleaning.co.uk/musselburgh/","","","","","","124001","19834","19834","7.598","","1308","272","4.809","66.646","Normal","7.273","1","1","","372","187","0","100.000","95","50","0","6","3","0","","","","","22fb730af0265a0c1154f7ec036698d","0.315","","","","","en","1.1","","","","","","https://edicleanexteriorcleaning.co.uk/musselburgh/","2026-05-12 13:16:25"
"https://edicleanexteriorcleaning.co.uk/portfolio/gal1.jpg","image/jpeg","200","OK","Indexable","","","0","0","","0","0","","0","","0","","0","","0","","","","","","","","","","559326","559326","559326","214.267","","0","","","","","0.000","1","1","","26","26","0","13.900","0","0","0","0","0","0","","","","","","0.060","","","","","","1.1","","","","","","https://edicleanexteriorcleaning.co.uk/portfolio/gal1.jpg","2026-05-12 13:16:26"
"https://edicleanexteriorcleaning.co.uk/colinton/","text/html; charset=UTF-8","200","OK","Indexable","","Exterior Cleaning Colinton | Roof, Driveway & Gutter Cleaning | EdiClean Exterior Cleaning","90","782","Exterior cleaning in Colinton, near Edinburgh: roof steam, render softwash, driveways, gutters, PVC and windows. Near Juniper Green & Craiglockhart. Free quote.","160","997","","0","Exterior Cleaning in Colinton","29","Why Choose EdiClean Exterior Cleaning?","38","Our services in Colinton","24","index, follow","","","https://edicleanexteriorcleaning.co.uk/colinton/","","","","","","124006","19872","19872","7.613","","1323","277","4.776","65.399","Normal","7.339","1","1","","372","187","0","100.000","95","50","0","6","3","0","","","","","db0fd3137ea1a622eaf979b35fd59cec","0.308","","","","","en","1.1","","","","","","https://edicleanexteriorcleaning.co.uk/colinton/","2026-05-12 13:16:25"
"https://edicleanexteriorcleaning.co.uk/portfolio/render-softwash.jpg","image/jpeg","200","OK","Indexable","","","0","0","","0","0","","0","","0","","0","","0","","","","","","","","","","941904","941904","941904","360.826","","0","","","","","0.000","1","1","","0","0","0","0.000","0","0","0","0","0","0","","","","","","0.056","","","","","","1.1","","","","","","https://edicleanexteriorcleaning.co.uk/portfolio/render-softwash.jpg","2026-05-12 13:16:26"
"https://edicleanexteriorcleaning.co.uk/portfolio/gutter-cleaning.webp","image/webp","200","OK","Indexable","","","0","0","","0","0","","0","","0","","0","","0","","","","","","","","","","178524","178524","178524","68.389","","0","","","","","0.000","1","1","","0","0","0","0.000","0","0","0","0","0","0","","","","","","0.095","","","","","","1.1","","","","","","https://edicleanexteriorcleaning.co.uk/portfolio/gutter-cleaning.webp","2026-05-12 13:16:26"
"https://edicleanexteriorcleaning.co.uk/about/","text/html; charset=UTF-8","200","OK","Indexable","","About Us - EdiClean Exterior Cleaning | Exterior Cleaning Edinburgh, Midlothian, East Lothian and West Lothian","110","970","Learn about EdiClean Exterior Cleaning — professional exterior cleaning across Edinburgh, Midlothian, East Lothian and West Lothian. Roof steam cleaning, render softwashing, driveway, gutter, PVC and window cleaning. Fully insured, mobile service.","247","1540","","0","","0","About Us","8","How It Works","12","index, follow","","","https://edicleanexteriorcleaning.co.uk/about/","","","","","","50626","11268","11268","4.317","","392","85","4.612","68.564","Normal","6.012","1","1","","375","187","0","100.000","47","37","0","2","2","0","","","","","2c1eeb6fe29a640c4f271aacc9b63891","0.537","","","","","en","1.1","","","","","","https://edicleanexteriorcleaning.co.uk/about/","2026-05-12 13:16:25"
"https://edicleanexteriorcleaning.co.uk/portfolio/roofclean1.jpg","image/jpeg","200","OK","Indexable","","","0","0","","0","0","","0","","0","","0","","0","","","","","","","","","","510619","510619","510619","195.608","","0","","","","","0.000","1","1","","0","0","0","0.000","0","0","0","0","0","0","","","","","","0.049","","","","","","1.1","","","","","","https://edicleanexteriorcleaning.co.uk/portfolio/roofclean1.jpg","2026-05-12 13:16:26"
"https://edicleanexteriorcleaning.co.uk/portfolio/pvc-clean.jpg","image/jpeg","200","OK","Indexable","","","0","0","","0","0","","0","","0","","0","","0","","","","","","","","","","59358","59358","59358","22.739","","0","","","","","0.000","1","1","","0","0","0","0.000","0","0","0","0","0","0","","","","","","0.142","","","","","","1.1","","","","","","https://edicleanexteriorcleaning.co.uk/portfolio/pvc-clean.jpg","2026-05-12 13:16:26"
"https://edicleanexteriorcleaning.co.uk/locations/","text/html; charset=UTF-8","200","OK","Indexable","","Our Service Areas | Exterior Cleaning Near You | EdiClean Exterior Cleaning","75","656","Exterior cleaning across Edinburgh, Midlothian, East Lothian and West Lothian. We cover Morningside, North Berwick, Linlithgow, Livingston and nearby towns. Roof, driveway, gutter and window cleaning. Get a free quote.","218","1364","","0","Our service areas","17","Edinburgh","9","Midlothian","10","index, follow","","","https://edicleanexteriorcleaning.co.uk/locations/","","","","","","44357","8484","8484","3.250","","545","138","3.949","62.033","Normal","8.772","1","1","","188","187","0","100.000","71","37","0","2","2","0","","","","","16297ea2a6aceecae94ad5d93c815e8d","0.426","","","","","en","1.1","","","","","","https://edicleanexteriorcleaning.co.uk/locations/","2026-05-12 13:16:26"
"https://edicleanexteriorcleaning.co.uk/_astro/_service_.nY8KECF-.css","text/css; charset=UTF-8","200","OK","Indexable","","","0","0","","0","0","","0","","0","","0","","0","","","","","","","","","","0","0","0","0.000","","0","","","","","0.000","1","1","","0","0","0","0.000","0","0","0","0","0","0","","","","","","0.288","","","","","","1.1","","","","","","https://edicleanexteriorcleaning.co.uk/_astro/_service_.nY8KECF-.css","2026-05-12 13:16:26"
"https://edicleanexteriorcleaning.co.uk/juniper-green/","text/html; charset=UTF-8","200","OK","Indexable","","Exterior Cleaning Juniper Green | Roof, Driveway & Gutter Cleaning | EdiClean Exterior Cleaning","95","832","Exterior cleaning in Juniper Green, near Edinburgh: roof steam, render softwash, driveways, gutters, PVC and windows. Near Colinton & Currie. Free quote.","153","951","","0","Exterior Cleaning in Juniper Green","34","Why Choose EdiClean Exterior Cleaning?","38","Our services in Juniper Green","29","index, follow","","","https://edicleanexteriorcleaning.co.uk/juniper-green/","","","","","","124022","19771","19771","7.574","","1320","273","4.835","66.503","Normal","7.258","1","1","","372","187","0","100.000","95","50","0","6","3","0","","","","","862f0ce26b3e9b547220e2f921c9a337","0.416","","","","","en","1.1","","","","","","https://edicleanexteriorcleaning.co.uk/juniper-green/","2026-05-12 13:16:26"
"https://edicleanexteriorcleaning.co.uk/dalkeith/","text/html; charset=UTF-8","200","OK","Indexable","","Exterior Cleaning Dalkeith | Roof, Driveway & Gutter Cleaning | EdiClean Exterior Cleaning","90","779","Exterior cleaning in Dalkeith, near Edinburgh: roof steam, render softwash, driveways, gutters, PVC and windows. Near Bonnyrigg & Eskbank. Free quote.","150","941","","0","Exterior Cleaning in Dalkeith","29","Why Choose EdiClean Exterior Cleaning?","38","Our services in Dalkeith","24","index, follow","","","https://edicleanexteriorcleaning.co.uk/dalkeith/","","","","","","123846","19946","19946","7.641","","1317","274","4.807","68.408","Normal","7.268","1","1","","372","187","0","100.000","95","50","0","6","3","0","","","","","7eb22a69c690fdd5827e92f08cd46e62","0.417","","","","","en","1.1","","","","","","https://edicleanexteriorcleaning.co.uk/dalkeith/","2026-05-12 13:16:26"
"https://edicleanexteriorcleaning.co.uk/barnton/","text/html; charset=UTF-8","200","OK","Indexable","","Exterior Cleaning Barnton | Roof, Driveway & Gutter Cleaning | EdiClean Exterior Cleaning","89","778","Exterior cleaning in Barnton, near Edinburgh: roof steam, render softwash, driveways, gutters, PVC and windows. Near Cramond & Davidsons Mains. Free quote.","155","987","","0","Exterior Cleaning in Barnton","28","Why Choose EdiClean Exterior Cleaning?","38","Our services in Barnton","23","index, follow","","","https://edicleanexteriorcleaning.co.uk/barnton/","","","","","","123734","19779","19779","7.577","","1298","275","4.720","67.844","Normal","7.189","1","1","","372","187","0","100.000","95","50","0","6","3","0","","","","","b3dc3d5c906adf5ec964d13bd8500bfb","0.397","","","","","en","1.1","","","","","","https://edicleanexteriorcleaning.co.uk/barnton/","2026-05-12 13:16:26"
"https://edicleanexteriorcleaning.co.uk/roof-steam-cleaning/","text/html; charset=UTF-8","200","OK","Indexable","","Roof Steam Cleaning - EdiClean Exterior Cleaning | Edinburgh, Midlothian, East Lothian and West Lothian","103","919","Safe roof steam cleaning for homes and businesses across Edinburgh, Midlothian, East Lothian and West Lothian. Professional moss removal from roof and algae removal from roof tiles. Roof cleaning and moss treatment for lasting results.","235","1483","","0","Roof Steam Cleaning","19","Why Choose Our Roof Steam Cleaning?","35","How It Works","12","index, follow","","","https://edicleanexteriorcleaning.co.uk/roof-steam-cleaning/","","","","","","80837","14787","14787","5.665","","655","167","3.922","71.756","Fairly Easy","5.710","1","1","","188","187","0","100.000","74","37","0","6","3","0","","","","","25fa5eead8aacc02fcafb172bc3022a9","0.179","","","","","en","1.1","","","","","","https://edicleanexteriorcleaning.co.uk/roof-steam-cleaning/","2026-05-12 13:16:27"
"https://edicleanexteriorcleaning.co.uk/colinton/render-softwashing/","text/html; charset=UTF-8","200","OK","Indexable","","Render Softwashing Colinton | Professional Exterior Cleaning | EdiClean Exterior Cleaning","89","785","Render softwashing specialists providing professional render cleaning and softwash render cleaning. Expert stain removal from render surfaces without damage. We come to you in Colinton and the surrounding areas. Get a free quote.","229","1449","","0","Render Softwashing Colinton","27","Softwashing render in and around Colinton","41","Why Choose Our Render Softwashing?","34","index, follow","","","https://edicleanexteriorcleaning.co.uk/colinton/render-softwashing/","","","","","","85510","15907","15907","6.094","","701","179","3.916","69.021","Normal","5.876","2","2","","3","2","0","1.070","77","41","0","6","3","0","","","","","e48785db790a97b9996f9e3edb89c750","0.294","","","","","en","1.1","","","","","","https://edicleanexteriorcleaning.co.uk/colinton/render-softwashing/","2026-05-12 13:16:27"
"https://edicleanexteriorcleaning.co.uk/dalkeith/render-softwashing/","text/html; charset=UTF-8","200","OK","Indexable","","Render Softwashing Dalkeith | Professional Exterior Cleaning | EdiClean Exterior Cleaning","89","783","Render softwashing specialists providing professional render cleaning and softwash render cleaning. Expert stain removal from render surfaces without damage. We come to you in Dalkeith and the surrounding areas. Get a free quote.","229","1447","","0","Render Softwashing Dalkeith","27","Render cleaning in Dalkeith","27","Why Choose Our Render Softwashing?","34","index, follow","","","https://edicleanexteriorcleaning.co.uk/dalkeith/render-softwashing/","","","","","","85450","15921","15921","6.099","","701","178","3.938","71.050","Fairly Easy","5.838","2","2","","3","2","0","1.070","77","41","0","6","3","0","","","","","39e0fd1e33704b326b82fcee183d876a","0.261","","","","","en","1.1","","","","","","https://edicleanexteriorcleaning.co.uk/dalkeith/render-softwashing/","2026-05-12 13:16:27"
"https://edicleanexteriorcleaning.co.uk/juniper-green/driveway-cleaning/","text/html; charset=UTF-8","200","OK","Indexable","","Driveway Cleaning Juniper Green | Professional Exterior Cleaning | EdiClean Exterior Cleaning","93","820","Driveway cleaning, pressure washing and driveway restoration. Professional patio and driveway cleaning with pressure washing services. We come to you in Juniper Green and the surrounding areas. Get a free quote.","211","1333","","0","Driveway Cleaning Juniper Green","31","Juniper Green driveways—cleaned and restored","44","Why Choose Our Driveway Cleaning?","33","index, follow","","","https://edicleanexteriorcleaning.co.uk/juniper-green/driveway-cleaning/","","","","","","85437","15936","15936","6.105","","712","173","4.116","74.807","Fairly Easy","5.782","2","2","","3","2","0","1.070","77","41","0","6","3","0","","","","","18a37a09b39d8f0a8a6ae4892847cd46","0.261","","","","","en","1.1","","","","","","https://edicleanexteriorcleaning.co.uk/juniper-green/driveway-cleaning/","2026-05-12 13:16:27"
"https://edicleanexteriorcleaning.co.uk/barnton/gutter-cleaning/","text/html; charset=UTF-8","200","OK","Indexable","","Gutter Cleaning Barnton | Professional Exterior Cleaning | EdiClean Exterior Cleaning","85","741","Gutter cleaning and gutter maintenance across Edinburgh, Midlothian, East Lothian and West Lothian. Expert gutter clearing service and gutter inspection and cleaning. We come to you in Barnton and the surrounding areas. Get a free quote.","237","1483","","0","Gutter Cleaning Barnton","23","Gutter cleaning in Barnton","26","Why Choose Our Gutter Cleaning?","31","index, follow","","","https://edicleanexteriorcleaning.co.uk/barnton/gutter-cleaning/","","","","","","85371","15903","15903","6.092","","704","173","4.069","74.723","Fairly Easy","5.746","2","2","","3","2","0","1.070","77","41","0","6","3","0","","","","","6e9f27981eab57c5cdf390049e5306f4","0.287","","","","","en","1.1","","","","","","https://edicleanexteriorcleaning.co.uk/barnton/gutter-cleaning/","2026-05-12 13:16:27"
"https://edicleanexteriorcleaning.co.uk/barnton/roof-steam-cleaning/","text/html; charset=UTF-8","200","OK","Indexable","","Roof Steam Cleaning Barnton | Professional Exterior Cleaning | EdiClean Exterior Cleaning","89","789","Safe roof steam cleaning for homes and businesses across Edinburgh, Midlothian, East Lothian and West Lothian. Professional moss removal from roof and algae removal from roof tiles. Roof cleaning and moss treatment for lasting results. We come to you in Barnton and the surrounding areas. Get a free quote.","306","1931","","0","Roof Steam Cleaning Barnton","27","Barnton roof cleaning","21","Why Choose Our Roof Steam Cleaning?","35","index, follow","","","https://edicleanexteriorcleaning.co.uk/barnton/roof-steam-cleaning/","","","","","","86919","16091","16091","6.164","","772","186","4.151","72.983","Fairly Easy","6.164","2","2","","3","2","0","1.070","77","41","0","6","3","0","","","","","453dabd6434ee4698a3f84e006ecd2cb","0.343","","","","","en","1.1","","","","","","https://edicleanexteriorcleaning.co.uk/barnton/roof-steam-cleaning/","2026-05-12 13:16:27"
"https://edicleanexteriorcleaning.co.uk/barnton/driveway-cleaning/","text/html; charset=UTF-8","200","OK","Indexable","","Driveway Cleaning Barnton | Professional Exterior Cleaning | EdiClean Exterior Cleaning","87","766","Driveway cleaning, pressure washing and driveway restoration. Professional patio and driveway cleaning with pressure washing services. We come to you in Barnton and the surrounding areas. Get a free quote.","205","1295","","0","Driveway Cleaning Barnton","25","Driveway cleaning in Barnton","28","Why Choose Our Driveway Cleaning?","33","index, follow","","","https://edicleanexteriorcleaning.co.uk/barnton/driveway-cleaning/","","","","","","85239","15855","15855","6.074","","696","173","4.023","73.420","Fairly Easy","5.726","2","2","","3","2","0","1.070","77","41","0","6","3","0","","","","","68dda3df5171441bb6a384d85fed6047","0.283","","","","","en","1.1","","","","","","https://edicleanexteriorcleaning.co.uk/barnton/driveway-cleaning/","2026-05-12 13:16:28"
"https://edicleanexteriorcleaning.co.uk/barnton/window-cleaning/","text/html; charset=UTF-8","200","OK","Indexable","","Window Cleaning Barnton | Professional Exterior Cleaning | EdiClean Exterior Cleaning","85","757","Residential and commercial window cleaning. Professional window washing for sparkling results every time. We come to you in Barnton and the surrounding areas. Get a free quote.","176","1118","","0","Window Cleaning Barnton","23","Window cleaning in Barnton","26","Why Choose Our Window Cleaning?","31","index, follow","","","https://edicleanexteriorcleaning.co.uk/barnton/window-cleaning/","","","","","","84951","15796","15796","6.051","","681","169","4.030","74.292","Fairly Easy","5.570","2","2","","3","2","0","1.070","77","41","0","6","3","0","","","","","4a207a04a4415f6daffc222b711365e","0.260","","","","","en","1.1","","","","","","https://edicleanexteriorcleaning.co.uk/barnton/window-cleaning/","2026-05-12 13:16:27"
"https://edicleanexteriorcleaning.co.uk/barnton/render-softwashing/","text/html; charset=UTF-8","200","OK","Indexable","","Render Softwashing Barnton | Professional Exterior Cleaning | EdiClean Exterior Cleaning","88","781","Render softwashing specialists providing professional render cleaning and softwash render cleaning. Expert stain removal from render surfaces without damage. We come to you in Barnton and the surrounding areas. Get a free quote.","228","1445","","0","Render Softwashing Barnton","26","Barnton render cleaning","23","Why Choose Our Render Softwashing?","34","index, follow","","","https://edicleanexteriorcleaning.co.uk/barnton/render-softwashing/","","","","","","85436","15931","15931","6.103","","701","179","3.916","70.831","Fairly Easy","5.842","2","2","","3","2","0","1.070","77","41","0","6","3","0","","","","","4315af83ff482c2843cf0ede58a31c55","0.263","","","","","en","1.1","","","","","","https://edicleanexteriorcleaning.co.uk/barnton/render-softwashing/","2026-05-12 13:16:28"
"https://edicleanexteriorcleaning.co.uk/barnton/pvc-white-cleaning/","text/html; charset=UTF-8","200","OK","Indexable","","PVC White Cleaning Barnton | Professional Exterior Cleaning | EdiClean Exterior Cleaning","88","780","PVC white cleaning specialists: PVC fascias, soffit and gutter cleaning. Professional fascia and soffit cleaning and PVC restoration. We come to you in Barnton and the surrounding areas. Get a free quote.","204","1257","","0","PVC White Cleaning Barnton","26","PVC cleaning in Barnton","23","Why Choose Our PVC White Cleaning?","34","index, follow","","","https://edicleanexteriorcleaning.co.uk/barnton/pvc-white-cleaning/","","","","","","85246","15890","15890","6.087","","703","177","3.972","78.611","Fairly Easy","5.730","2","2","","3","2","0","1.070","77","41","0","6","3","0","","","","","5c56f4b9e780b7080726717f1bad966e","0.246","","","","","en","1.1","","","","","","https://edicleanexteriorcleaning.co.uk/barnton/pvc-white-cleaning/","2026-05-12 13:16:28"
"https://edicleanexteriorcleaning.co.uk/dalkeith/window-cleaning/","text/html; charset=UTF-8","200","OK","Indexable","","Window Cleaning Dalkeith | Professional Exterior Cleaning | EdiClean Exterior Cleaning","86","759","Residential and commercial window cleaning. Professional window washing for sparkling results every time. We come to you in Dalkeith and the surrounding areas. Get a free quote.","177","1119","","0","Window Cleaning Dalkeith","24","Window washing in and around Dalkeith","37","Why Choose Our Window Cleaning?","31","index, follow","","","https://edicleanexteriorcleaning.co.uk/dalkeith/window-cleaning/","","","","","","84926","15491","15491","5.934","","675","170","3.971","73.586","Fairly Easy","5.552","2","2","","3","2","0","1.070","77","41","0","6","3","0","","","","","618e89d486dfb8b7af5d5d82eb078835","0.250","","","","","en","1.1","","","","","","https://edicleanexteriorcleaning.co.uk/dalkeith/window-cleaning/","2026-05-12 13:16:28"
"https://edicleanexteriorcleaning.co.uk/dalkeith/roof-steam-cleaning/","text/html; charset=UTF-8","200","OK","Indexable","","Roof Steam Cleaning Dalkeith | Professional Exterior Cleaning | EdiClean Exterior Cleaning","90","790","Safe roof steam cleaning for homes and businesses across Edinburgh, Midlothian, East Lothian and West Lothian. Professional moss removal from roof and algae removal from roof tiles. Roof cleaning and moss treatment for lasting results. We come to you in Dalkeith and the surrounding areas. Get a free quote.","307","1932","","0","Roof Steam Cleaning Dalkeith","28","Roof steam cleaning in Dalkeith","31","Why Choose Our Roof Steam Cleaning?","35","index, follow","","","https://edicleanexteriorcleaning.co.uk/dalkeith/roof-steam-cleaning/","","","","","","87156","16104","16104","6.169","","795","188","4.229","74.738","Fairly Easy","6.274","2","2","","3","2","0","1.070","77","41","0","6","3","0","","","","","3cf8e5eba03875c3a2429d6fc6c84acc","0.272","","","","","en","1.1","","","","","","https://edicleanexteriorcleaning.co.uk/dalkeith/roof-steam-cleaning/","2026-05-12 13:16:28"
"https://edicleanexteriorcleaning.co.uk/dalkeith/gutter-cleaning/","text/html; charset=UTF-8","200","OK","Indexable","","Gutter Cleaning Dalkeith | Professional Exterior Cleaning | EdiClean Exterior Cleaning","86","742","Gutter cleaning and gutter maintenance across Edinburgh, Midlothian, East Lothian and West Lothian. Expert gutter clearing service and gutter inspection and cleaning. We come to you in Dalkeith and the surrounding areas. Get a free quote.","238","1485","","0","Gutter Cleaning Dalkeith","24","Dalkeith gutter clearing","24","Why Choose Our Gutter Cleaning?","31","index, follow","","","https://edicleanexteriorcleaning.co.uk/dalkeith/gutter-cleaning/","","","","","","85301","15934","15934","6.104","","699","172","4.064","74.902","Fairly Easy","5.710","2","2","","3","2","0","1.070","77","41","0","6","3","0","","","","","382e4c88f1d57df35faf0e666ddafd53","0.258","","","","","en","1.1","","","","","","https://edicleanexteriorcleaning.co.uk/dalkeith/gutter-cleaning/","2026-05-12 13:16:28"
"https://edicleanexteriorcleaning.co.uk/dalkeith/driveway-cleaning/","text/html; charset=UTF-8","200","OK","Indexable","","Driveway Cleaning Dalkeith | Professional Exterior Cleaning | EdiClean Exterior Cleaning","88","767","Driveway cleaning, pressure washing and driveway restoration. Professional patio and driveway cleaning with pressure washing services. We come to you in Dalkeith and the surrounding areas. Get a free quote.","206","1297","","0","Driveway Cleaning Dalkeith","26","Dalkeith driveways—cleaned and restored","39","Why Choose Our Driveway Cleaning?","33","index, follow","","","https://edicleanexteriorcleaning.co.uk/dalkeith/driveway-cleaning/","","","","","","85306","15892","15892","6.088","","704","174","4.046","74.987","Fairly Easy","5.747","2","2","","3","2","0","1.070","77","41","0","6","3","0","","","","","7b6764a76ff7fb302eeda4ea8272e996","0.272","","","","","en","1.1","","","","","","https://edicleanexteriorcleaning.co.uk/dalkeith/driveway-cleaning/","2026-05-12 13:16:28"
"https://edicleanexteriorcleaning.co.uk/dalkeith/pvc-white-cleaning/","text/html; charset=UTF-8","200","OK","Indexable","","PVC White Cleaning Dalkeith | Professional Exterior Cleaning | EdiClean Exterior Cleaning","89","781","PVC white cleaning specialists: PVC fascias, soffit and gutter cleaning. Professional fascia and soffit cleaning and PVC restoration. We come to you in Dalkeith and the surrounding areas. Get a free quote.","205","1259","","0","PVC White Cleaning Dalkeith","27","Dalkeith fascia and soffit cleaning","35","Why Choose Our PVC White Cleaning?","34","index, follow","","","https://edicleanexteriorcleaning.co.uk/dalkeith/pvc-white-cleaning/","","","","","","85230","15937","15937","6.105","","701","176","3.983","78.849","Fairly Easy","5.718","2","2","","3","2","0","1.070","77","41","0","6","3","0","","","","","bf2b22614707690678a0bf2cf05bbf4a","0.257","","","","","en","1.1","","","","","","https://edicleanexteriorcleaning.co.uk/dalkeith/pvc-white-cleaning/","2026-05-12 13:16:28"
"https://edicleanexteriorcleaning.co.uk/juniper-green/roof-steam-cleaning/","text/html; charset=UTF-8","200","OK","Indexable","","Roof Steam Cleaning Juniper Green | Professional Exterior Cleaning | EdiClean Exterior Cleaning","95","843","Safe roof steam cleaning for homes and businesses across Edinburgh, Midlothian, East Lothian and West Lothian. Professional moss removal from roof and algae removal from roof tiles. Roof cleaning and moss treatment for lasting results. We come to you in Juniper Green and the surrounding areas. Get a free quote.","312","1969","","0","Roof Steam Cleaning Juniper Green","33","Juniper Green roof cleaning","27","Why Choose Our Roof Steam Cleaning?","35","index, follow","","","https://edicleanexteriorcleaning.co.uk/juniper-green/roof-steam-cleaning/","","","","","","87033","16051","16051","6.149","","777","187","4.155","72.832","Fairly Easy","6.184","2","2","","3","2","0","1.070","77","41","0","6","3","0","","","","","1366fb333e7382be022a6b78bbe63ca3","0.268","","","","","en","1.1","","","","","","https://edicleanexteriorcleaning.co.uk/juniper-green/roof-steam-cleaning/","2026-05-12 13:16:28"
"https://edicleanexteriorcleaning.co.uk/juniper-green/gutter-cleaning/","text/html; charset=UTF-8","200","OK","Indexable","","Gutter Cleaning Juniper Green | Professional Exterior Cleaning | EdiClean Exterior Cleaning","91","795","Gutter cleaning and gutter maintenance across Edinburgh, Midlothian, East Lothian and West Lothian. Expert gutter clearing service and gutter inspection and cleaning. We come to you in Juniper Green and the surrounding areas. Get a free quote.","243","1521","","0","Gutter Cleaning Juniper Green","29","Clear gutters in and around Juniper Green","41","Why Choose Our Gutter Cleaning?","31","index, follow","","","https://edicleanexteriorcleaning.co.uk/juniper-green/gutter-cleaning/","","","","","","85418","15959","15959","6.114","","704","173","4.069","74.242","Fairly Easy","5.738","2","2","","3","2","0","1.070","77","41","0","6","3","0","","","","","d1bcdf910a3ec08c3f45ae3fb86ba608","0.278","","","","","en","1.1","","","","","","https://edicleanexteriorcleaning.co.uk/juniper-green/gutter-cleaning/","2026-05-12 13:16:28"
"https://edicleanexteriorcleaning.co.uk/juniper-green/render-softwashing/","text/html; charset=UTF-8","200","OK","Indexable","","Render Softwashing Juniper Green | Professional Exterior Cleaning | EdiClean Exterior Cleaning","94","835","Render softwashing specialists providing professional render cleaning and softwash render cleaning. Expert stain removal from render surfaces without damage. We come to you in Juniper Green and the surrounding areas. Get a free quote.","234","1483","","0","Render Softwashing Juniper Green","32","Softwashing render in and around Juniper Green","46","Why Choose Our Render Softwashing?","34","index, follow","","","https://edicleanexteriorcleaning.co.uk/juniper-green/render-softwashing/","","","","","","85583","15901","15901","6.091","","706","179","3.944","70.060","Fairly Easy","5.879","2","2","","3","2","0","1.070","77","41","0","6","3","0","","","","","b661a8f740e69a22562207cf24f5819b","0.320","","","","","en","1.1","","","","","","https://edicleanexteriorcleaning.co.uk/juniper-green/render-softwashing/","2026-05-12 13:16:28"
"https://edicleanexteriorcleaning.co.uk/juniper-green/window-cleaning/","text/html; charset=UTF-8","200","OK","Indexable","","Window Cleaning Juniper Green | Professional Exterior Cleaning | EdiClean Exterior Cleaning","91","811","Residential and commercial window cleaning. Professional window washing for sparkling results every time. We come to you in Juniper Green and the surrounding areas. Get a free quote.","182","1156","","0","Window Cleaning Juniper Green","29","Window washing in and around Juniper Green","42","Why Choose Our Window Cleaning?","31","index, follow","","","https://edicleanexteriorcleaning.co.uk/juniper-green/window-cleaning/","","","","","","85056","15807","15807","6.055","","683","170","4.018","73.442","Fairly Easy","5.587","2","2","","3","2","0","1.070","77","41","0","6","3","0","","","","","6f96827e3a67d46b4c18d5f2f848e0d4","0.259","","","","","en","1.1","","","","","","https://edicleanexteriorcleaning.co.uk/juniper-green/window-cleaning/","2026-05-12 13:16:29"
"https://edicleanexteriorcleaning.co.uk/juniper-green/pvc-white-cleaning/","text/html; charset=UTF-8","200","OK","Indexable","","PVC White Cleaning Juniper Green | Professional Exterior Cleaning | EdiClean Exterior Cleaning","94","834","PVC white cleaning specialists: PVC fascias, soffit and gutter cleaning. Professional fascia and soffit cleaning and PVC restoration. We come to you in Juniper Green and the surrounding areas. Get a free quote.","210","1295","","0","PVC White Cleaning Juniper Green","32","PVC cleaning in Juniper Green","29","Why Choose Our PVC White Cleaning?","34","index, follow","","","https://edicleanexteriorcleaning.co.uk/juniper-green/pvc-white-cleaning/","","","","","","85365","15974","15974","6.119","","708","177","4.000","78.384","Fairly Easy","5.751","2","2","","3","2","0","1.070","77","41","0","6","3","0","","","","","dbab5fdba477a7643ce4d8f504e816d7","0.274","","","","","en","1.1","","","","","","https://edicleanexteriorcleaning.co.uk/juniper-green/pvc-white-cleaning/","2026-05-12 13:16:29"
"https://edicleanexteriorcleaning.co.uk/colinton/roof-steam-cleaning/","text/html; charset=UTF-8","200","OK","Indexable","","Roof Steam Cleaning Colinton | Professional Exterior Cleaning | EdiClean Exterior Cleaning","90","793","Safe roof steam cleaning for homes and businesses across Edinburgh, Midlothian, East Lothian and West Lothian. Professional moss removal from roof and algae removal from roof tiles. Roof cleaning and moss treatment for lasting results. We come to you in Colinton and the surrounding areas. Get a free quote.","307","1934","","0","Roof Steam Cleaning Colinton","28","Roof steam cleaning in Colinton","31","Why Choose Our Roof Steam Cleaning?","35","index, follow","","","https://edicleanexteriorcleaning.co.uk/colinton/roof-steam-cleaning/","","","","","","87212","16173","16173","6.196","","798","188","4.245","73.718","Fairly Easy","6.304","2","2","","3","2","0","1.070","77","41","0","6","3","0","","","","","e31ff123d45a3ae0d5a341f2bb9034c8","0.628","","","","","en","1.1","","","","","","https://edicleanexteriorcleaning.co.uk/colinton/roof-steam-cleaning/","2026-05-12 13:16:29"
"https://edicleanexteriorcleaning.co.uk/colinton/window-cleaning/","text/html; charset=UTF-8","200","OK","Indexable","","Window Cleaning Colinton | Professional Exterior Cleaning | EdiClean Exterior Cleaning","86","761","Residential and commercial window cleaning. Professional window washing for sparkling results every time. We come to you in Colinton and the surrounding areas. Get a free quote.","177","1121","","0","Window Cleaning Colinton","24","Window washing in and around Colinton","37","Why Choose Our Window Cleaning?","31","index, follow","","","https://edicleanexteriorcleaning.co.uk/colinton/window-cleaning/","","","","","","84978","15840","15840","6.068","","678","170","3.988","72.393","Fairly Easy","5.584","2","2","","3","2","0","1.070","77","41","0","6","3","0","","","","","43ba224691a87e648a4d3a5247c77c88","0.542","","","","","en","1.1","","","","","","https://edicleanexteriorcleaning.co.uk/colinton/window-cleaning/","2026-05-12 13:16:29"
"https://edicleanexteriorcleaning.co.uk/colinton/pvc-white-cleaning/","text/html; charset=UTF-8","200","OK","Indexable","","PVC White Cleaning Colinton | Professional Exterior Cleaning | EdiClean Exterior Cleaning","89","784","PVC white cleaning specialists: PVC fascias, soffit and gutter cleaning. Professional fascia and soffit cleaning and PVC restoration. We come to you in Colinton and the surrounding areas. Get a free quote.","205","1261","","0","PVC White Cleaning Colinton","27","PVC cleaning in Colinton","24","Why Choose Our PVC White Cleaning?","34","index, follow","","","https://edicleanexteriorcleaning.co.uk/colinton/pvc-white-cleaning/","","","","","","85287","15941","15941","6.107","","703","177","3.972","77.408","Fairly Easy","5.748","2","2","","3","2","0","1.070","77","41","0","6","3","0","","","","","403bb079aae36288ceba8ad4fdb3695e","0.396","","","","","en","1.1","","","","","","https://edicleanexteriorcleaning.co.uk/colinton/pvc-white-cleaning/","2026-05-12 13:16:29"
"https://edicleanexteriorcleaning.co.uk/colinton/driveway-cleaning/","text/html; charset=UTF-8","200","OK","Indexable","","Driveway Cleaning Colinton | Professional Exterior Cleaning | EdiClean Exterior Cleaning","88","770","Driveway cleaning, pressure washing and driveway restoration. Professional patio and driveway cleaning with pressure washing services. We come to you in Colinton and the surrounding areas. Get a free quote.","206","1299","","0","Driveway Cleaning Colinton","26","Pressure washing driveways in Colinton","38","Why Choose Our Driveway Cleaning?","33","index, follow","","","https://edicleanexteriorcleaning.co.uk/colinton/driveway-cleaning/","","","","","","85215","15898","15898","6.090","","700","173","4.046","74.136","Fairly Easy","5.711","2","2","","3","2","0","1.070","77","41","0","6","3","0","","","","","86784ea602ee7ac8b363e9a8dbc18b33","0.506","","","","","en","1.1","","","","","","https://edicleanexteriorcleaning.co.uk/colinton/driveway-cleaning/","2026-05-12 13:16:29"
"https://edicleanexteriorcleaning.co.uk/colinton/gutter-cleaning/","text/html; charset=UTF-8","200","OK","Indexable","","Gutter Cleaning Colinton | Professional Exterior Cleaning | EdiClean Exterior Cleaning","86","745","Gutter cleaning and gutter maintenance across Edinburgh, Midlothian, East Lothian and West Lothian. Expert gutter clearing service and gutter inspection and cleaning. We come to you in Colinton and the surrounding areas. Get a free quote.","238","1487","","0","Gutter Cleaning Colinton","24","Clear gutters in and around Colinton","36","Why Choose Our Gutter Cleaning?","31","index, follow","","","https://edicleanexteriorcleaning.co.uk/colinton/gutter-cleaning/","","","","","","85344","16009","16009","6.133","","699","172","4.064","73.208","Fairly Easy","5.735","2","2","","3","2","0","1.070","77","41","0","6","3","0","","","","","498fc16a446a76c143cd64d7f21e4f80","0.295","","","","","en","1.1","","","","","","https://edicleanexteriorcleaning.co.uk/colinton/gutter-cleaning/","2026-05-12 13:16:29"
"https://edicleanexteriorcleaning.co.uk/musselburgh/gutter-cleaning/","text/html; charset=UTF-8","200","OK","Indexable","","Gutter Cleaning Musselburgh | Professional Exterior Cleaning | EdiClean Exterior Cleaning","89","786","Gutter cleaning and gutter maintenance across Edinburgh, Midlothian, East Lothian and West Lothian. Expert gutter clearing service and gutter inspection and cleaning. We come to you in Musselburgh and the surrounding areas. Get a free quote.","241","1516","","0","Gutter Cleaning Musselburgh","27","Musselburgh gutter clearing","27","Why Choose Our Gutter Cleaning?","31","index, follow","","","https://edicleanexteriorcleaning.co.uk/musselburgh/gutter-cleaning/","","","","","","85416","15905","15905","6.093","","699","173","4.040","73.837","Fairly Easy","5.743","2","2","","3","2","0","1.070","77","41","0","6","3","0","","","","","668b522bbc48f62bc66ebf3a6d82c6c4","0.271","","","","","en","1.1","","","","","","https://edicleanexteriorcleaning.co.uk/musselburgh/gutter-cleaning/","2026-05-12 13:16:30"
"https://edicleanexteriorcleaning.co.uk/musselburgh/pvc-white-cleaning/","text/html; charset=UTF-8","200","OK","Indexable","","PVC White Cleaning Musselburgh | Professional Exterior Cleaning | EdiClean Exterior Cleaning","92","825","PVC white cleaning specialists: PVC fascias, soffit and gutter cleaning. Professional fascia and soffit cleaning and PVC restoration. We come to you in Musselburgh and the surrounding areas. Get a free quote.","208","1290","","0","PVC White Cleaning Musselburgh","30","Musselburgh fascia and soffit cleaning","38","Why Choose Our PVC White Cleaning?","34","index, follow","","","https://edicleanexteriorcleaning.co.uk/musselburgh/pvc-white-cleaning/","","","","","","85345","15968","15968","6.117","","701","176","3.983","77.763","Fairly Easy","5.750","2","2","","3","2","0","1.070","77","41","0","6","3","0","","","","","f3ff18249e36780237e26b6c411b9027","0.293","","","","","en","1.1","","","","","","https://edicleanexteriorcleaning.co.uk/musselburgh/pvc-white-cleaning/","2026-05-12 13:16:30"
"https://edicleanexteriorcleaning.co.uk/musselburgh/render-softwashing/","text/html; charset=UTF-8","200","OK","Indexable","","Render Softwashing Musselburgh | Professional Exterior Cleaning | EdiClean Exterior Cleaning","92","827","Render softwashing specialists providing professional render cleaning and softwash render cleaning. Expert stain removal from render surfaces without damage. We come to you in Musselburgh and the surrounding areas. Get a free quote.","232","1478","","0","Render Softwashing Musselburgh","30","Render cleaning in Musselburgh","30","Why Choose Our Render Softwashing?","34","index, follow","","","https://edicleanexteriorcleaning.co.uk/musselburgh/render-softwashing/","","","","","","85562","15960","15960","6.114","","701","178","3.938","69.964","Normal","5.870","2","2","","3","2","0","1.070","77","41","0","6","3","0","","","","","c94324fc1a450fee2498a6c15be87a2","0.348","","","","","en","1.1","","","","","","https://edicleanexteriorcleaning.co.uk/musselburgh/render-softwashing/","2026-05-12 13:16:30"
"https://edicleanexteriorcleaning.co.uk/musselburgh/roof-steam-cleaning/","text/html; charset=UTF-8","200","OK","Indexable","","Roof Steam Cleaning Musselburgh | Professional Exterior Cleaning | EdiClean Exterior Cleaning","93","834","Safe roof steam cleaning for homes and businesses across Edinburgh, Midlothian, East Lothian and West Lothian. Professional moss removal from roof and algae removal from roof tiles. Roof cleaning and moss treatment for lasting results. We come to you in Musselburgh and the surrounding areas. Get a free quote.","310","1963","","0","Roof Steam Cleaning Musselburgh","31","Moss and algae removal in Musselburgh","37","Why Choose Our Roof Steam Cleaning?","35","index, follow","","","https://edicleanexteriorcleaning.co.uk/musselburgh/roof-steam-cleaning/","","","","","","86988","16097","16097","6.166","","769","186","4.134","72.823","Fairly Easy","6.164","2","2","","3","2","0","1.070","77","41","0","6","3","0","","","","","4cc278f840d6d29882a269099d6ab6f4","0.282","","","","","en","1.1","","","","","","https://edicleanexteriorcleaning.co.uk/musselburgh/roof-steam-cleaning/","2026-05-12 13:16:30"
"https://edicleanexteriorcleaning.co.uk/musselburgh/driveway-cleaning/","text/html; charset=UTF-8","200","OK","Indexable","","Driveway Cleaning Musselburgh | Professional Exterior Cleaning | EdiClean Exterior Cleaning","91","811","Driveway cleaning, pressure washing and driveway restoration. Professional patio and driveway cleaning with pressure washing services. We come to you in Musselburgh and the surrounding areas. Get a free quote.","209","1328","","0","Driveway Cleaning Musselburgh","29","Musselburgh driveways—cleaned and restored","42","Why Choose Our Driveway Cleaning?","33","index, follow","","","https://edicleanexteriorcleaning.co.uk/musselburgh/driveway-cleaning/","","","","","","85417","15910","15910","6.095","","704","174","4.046","73.906","Fairly Easy","5.779","2","2","","3","2","0","1.070","77","41","0","6","3","0","","","","","f7707db9264097dfc493d22c6081520d","0.235","","","","","en","1.1","","","","","","https://edicleanexteriorcleaning.co.uk/musselburgh/driveway-cleaning/","2026-05-12 13:16:30"
"https://edicleanexteriorcleaning.co.uk/linlithgow/gutter-cleaning/","text/html; charset=UTF-8","200","OK","Indexable","","Gutter Cleaning Linlithgow | Professional Exterior Cleaning | EdiClean Exterior Cleaning","88","762","Gutter cleaning and gutter maintenance across Edinburgh, Midlothian, East Lothian and West Lothian. Expert gutter clearing service and gutter inspection and cleaning. We come to you in Linlithgow and the surrounding areas. Get a free quote.","240","1499","","0","Gutter Cleaning Linlithgow","26","Gutter cleaning in Linlithgow","29","Why Choose Our Gutter Cleaning?","31","index, follow","","","https://edicleanexteriorcleaning.co.uk/linlithgow/gutter-cleaning/","","","","","","85426","15933","15933","6.104","","701","174","4.029","73.855","Fairly Easy","5.755","2","2","","3","2","0","1.070","77","41","0","6","3","0","","","","","e9ea2251b850908af7734b524936bed5","0.299","","","","","en","1.1","","","","","","https://edicleanexteriorcleaning.co.uk/linlithgow/gutter-cleaning/","2026-05-12 13:16:30"
"https://edicleanexteriorcleaning.co.uk/musselburgh/window-cleaning/","text/html; charset=UTF-8","200","OK","Indexable","","Window Cleaning Musselburgh | Professional Exterior Cleaning | EdiClean Exterior Cleaning","89","803","Residential and commercial window cleaning. Professional window washing for sparkling results every time. We come to you in Musselburgh and the surrounding areas. Get a free quote.","180","1151","","0","Window Cleaning Musselburgh","27","Musselburgh window cleaning","27","Why Choose Our Window Cleaning?","31","index, follow","","","https://edicleanexteriorcleaning.co.uk/musselburgh/window-cleaning/","","","","","","85065","15912","15912","6.096","","679","169","4.018","72.680","Fairly Easy","5.597","2","2","","3","2","0","1.070","77","41","0","6","3","0","","","","","e83b9f04d10e077aa08d36b22f0b091f","0.363","","","","","en","1.1","","","","","","https://edicleanexteriorcleaning.co.uk/musselburgh/window-cleaning/","2026-05-12 13:16:30"
"https://edicleanexteriorcleaning.co.uk/linlithgow/roof-steam-cleaning/","text/html; charset=UTF-8","200","OK","Indexable","","Roof Steam Cleaning Linlithgow | Professional Exterior Cleaning | EdiClean Exterior Cleaning","92","810","Safe roof steam cleaning for homes and businesses across Edinburgh, Midlothian, East Lothian and West Lothian. Professional moss removal from roof and algae removal from roof tiles. Roof cleaning and moss treatment for lasting results. We come to you in Linlithgow and the surrounding areas. Get a free quote.","309","1946","","0","Roof Steam Cleaning Linlithgow","30","Roof steam cleaning in Linlithgow","33","Why Choose Our Roof Steam Cleaning?","35","index, follow","","","https://edicleanexteriorcleaning.co.uk/linlithgow/roof-steam-cleaning/","","","","","","87222","16144","16144","6.184","","795","188","4.229","73.887","Fairly Easy","6.296","2","2","","3","2","0","1.070","77","41","0","6","3","0","","","","","4a620043fc67697d20cf459f44cfea64","0.273","","","","","en","1.1","","","","","","https://edicleanexteriorcleaning.co.uk/linlithgow/roof-steam-cleaning/","2026-05-12 13:16:30"
"https://edicleanexteriorcleaning.co.uk/hero/hero-main.jpg","image/jpeg","200","OK","Indexable","","","0","0","","0","0","","0","","0","","0","","0","","","","","","","","","","405329","405329","405329","155.274","","0","","","","","0.000","2","1","","0","0","0","0.000","0","0","0","0","0","0","","","","","","0.048","","","","","","1.1","","","","","","https://edicleanexteriorcleaning.co.uk/hero/hero-main.jpg","2026-05-12 13:16:31"
"https://edicleanexteriorcleaning.co.uk/linlithgow/pvc-white-cleaning/","text/html; charset=UTF-8","200","OK","Indexable","","PVC White Cleaning Linlithgow | Professional Exterior Cleaning | EdiClean Exterior Cleaning","91","801","PVC white cleaning specialists: PVC fascias, soffit and gutter cleaning. Professional fascia and soffit cleaning and PVC restoration. We come to you in Linlithgow and the surrounding areas. Get a free quote.","207","1273","","0","PVC White Cleaning Linlithgow","29","Fascias and soffits in Linlithgow","33","Why Choose Our PVC White Cleaning?","34","index, follow","","","https://edicleanexteriorcleaning.co.uk/linlithgow/pvc-white-cleaning/","","","","","","85301","15942","15942","6.107","","702","177","3.966","78.079","Fairly Easy","5.738","2","2","","3","2","0","1.070","77","41","0","6","3","0","","","","","f596539a98ffdf7670b33d133071562d","0.345","","","","","en","1.1","","","","","","https://edicleanexteriorcleaning.co.uk/linlithgow/pvc-white-cleaning/","2026-05-12 13:16:30"
"https://edicleanexteriorcleaning.co.uk/linlithgow/render-softwashing/","text/html; charset=UTF-8","200","OK","Indexable","","Render Softwashing Linlithgow | Professional Exterior Cleaning | EdiClean Exterior Cleaning","91","803","Render softwashing specialists providing professional render cleaning and softwash render cleaning. Expert stain removal from render surfaces without damage. We come to you in Linlithgow and the surrounding areas. Get a free quote.","231","1461","","0","Render Softwashing Linlithgow","29","Render cleaning in Linlithgow","29","Why Choose Our Render Softwashing?","34","index, follow","","","https://edicleanexteriorcleaning.co.uk/linlithgow/render-softwashing/","","","","","","85514","16005","16005","6.131","","701","178","3.938","70.205","Fairly Easy","5.861","2","2","","3","2","0","1.070","77","41","0","6","3","0","","","","","ce157f8474f277a1e270dbf1d02cb348","0.372","","","","","en","1.1","","","","","","https://edicleanexteriorcleaning.co.uk/linlithgow/render-softwashing/","2026-05-12 13:16:30"
"https://edicleanexteriorcleaning.co.uk/linlithgow/window-cleaning/","text/html; charset=UTF-8","200","OK","Indexable","","Window Cleaning Linlithgow | Professional Exterior Cleaning | EdiClean Exterior Cleaning","88","779","Residential and commercial window cleaning. Professional window washing for sparkling results every time. We come to you in Linlithgow and the surrounding areas. Get a free quote.","179","1133","","0","Window Cleaning Linlithgow","26","Window cleaning in Linlithgow","29","Why Choose Our Window Cleaning?","31","index, follow","","","https://edicleanexteriorcleaning.co.uk/linlithgow/window-cleaning/","","","","","","85006","15861","15861","6.076","","678","169","4.012","73.367","Fairly Easy","5.580","2","2","","3","2","0","1.070","77","41","0","6","3","0","","","","","a0091a3b92f70fcfb14f3515dec2792f","0.283","","","","","en","1.1","","","","","","https://edicleanexteriorcleaning.co.uk/linlithgow/window-cleaning/","2026-05-12 13:16:31"
"https://edicleanexteriorcleaning.co.uk/linlithgow/driveway-cleaning/","text/html; charset=UTF-8","200","OK","Indexable","","Driveway Cleaning Linlithgow | Professional Exterior Cleaning | EdiClean Exterior Cleaning","90","787","Driveway cleaning, pressure washing and driveway restoration. Professional patio and driveway cleaning with pressure washing services. We come to you in Linlithgow and the surrounding areas. Get a free quote.","208","1311","","0","Driveway Cleaning Linlithgow","28","Pressure washing driveways in Linlithgow","40","Why Choose Our Driveway Cleaning?","33","index, follow","","","https://edicleanexteriorcleaning.co.uk/linlithgow/driveway-cleaning/","","","","","","85227","15825","15825","6.062","","697","172","4.052","74.426","Fairly Easy","5.702","2","2","","3","2","0","1.070","77","41","0","6","3","0","","","","","c016c222f12a1b2cb27465987a5d259c","0.270","","","","","en","1.1","","","","","","https://edicleanexteriorcleaning.co.uk/linlithgow/driveway-cleaning/","2026-05-12 13:16:31"
"https://edicleanexteriorcleaning.co.uk/murrayfield/roof-steam-cleaning/","text/html; charset=UTF-8","200","OK","Indexable","","Roof Steam Cleaning Murrayfield | Professional Exterior Cleaning | EdiClean Exterior Cleaning","93","818","Safe roof steam cleaning for homes and businesses across Edinburgh, Midlothian, East Lothian and West Lothian. Professional moss removal from roof and algae removal from roof tiles. Roof cleaning and moss treatment for lasting results. We come to you in Murrayfield and the surrounding areas. Get a free quote.","310","1951","","0","Roof Steam Cleaning Murrayfield","31","Murrayfield roof cleaning","25","Why Choose Our Roof Steam Cleaning?","35","index, follow","","","https://edicleanexteriorcleaning.co.uk/murrayfield/roof-steam-cleaning/","","","","","","87021","16064","16064","6.154","","769","187","4.112","71.416","Fairly Easy","6.188","2","2","","3","2","0","1.070","77","41","0","6","3","0","","","","","333e14cea1991e126262fc745ea626ce","0.377","","","","","en","1.1","","","","","","https://edicleanexteriorcleaning.co.uk/murrayfield/roof-steam-cleaning/","2026-05-12 13:16:31"
"https://edicleanexteriorcleaning.co.uk/murrayfield/pvc-white-cleaning/","text/html; charset=UTF-8","200","OK","Indexable","","PVC White Cleaning Murrayfield | Professional Exterior Cleaning | EdiClean Exterior Cleaning","92","809","PVC white cleaning specialists: PVC fascias, soffit and gutter cleaning. Professional fascia and soffit cleaning and PVC restoration. We come to you in Murrayfield and the surrounding areas. Get a free quote.","208","1278","","0","PVC White Cleaning Murrayfield","30","Fascias and soffits in Murrayfield","34","Why Choose Our PVC White Cleaning?","34","index, follow","","","https://edicleanexteriorcleaning.co.uk/murrayfield/pvc-white-cleaning/","","","","","","85351","16016","16016","6.135","","702","177","3.966","77.235","Fairly Easy","5.753","2","2","","3","2","0","1.070","77","41","0","6","3","0","","","","","30c075b3a40e57572bcdcc08b9ad8d55","0.354","","","","","en","1.1","","","","","","https://edicleanexteriorcleaning.co.uk/murrayfield/pvc-white-cleaning/","2026-05-12 13:16:31"
"https://edicleanexteriorcleaning.co.uk/murrayfield/driveway-cleaning/","text/html; charset=UTF-8","200","OK","Indexable","","Driveway Cleaning Murrayfield | Professional Exterior Cleaning | EdiClean Exterior Cleaning","91","795","Driveway cleaning, pressure washing and driveway restoration. Professional patio and driveway cleaning with pressure washing services. We come to you in Murrayfield and the surrounding areas. Get a free quote.","209","1316","","0","Driveway Cleaning Murrayfield","29","Driveway cleaning in Murrayfield","32","Why Choose Our Driveway Cleaning?","33","index, follow","","","https://edicleanexteriorcleaning.co.uk/murrayfield/driveway-cleaning/","","","","","","85351","15962","15962","6.115","","693","173","4.006","71.657","Fairly Easy","5.750","2","2","","3","2","0","1.070","77","41","0","6","3","0","","","","","f46772ef29d4df4021a2141716ed1c84","0.290","","","","","en","1.1","","","","","","https://edicleanexteriorcleaning.co.uk/murrayfield/driveway-cleaning/","2026-05-12 13:16:31"
"https://edicleanexteriorcleaning.co.uk/murrayfield/window-cleaning/","text/html; charset=UTF-8","200","OK","Indexable","","Window Cleaning Murrayfield | Professional Exterior Cleaning | EdiClean Exterior Cleaning","89","787","Residential and commercial window cleaning. Professional window washing for sparkling results every time. We come to you in Murrayfield and the surrounding areas. Get a free quote.","180","1139","","0","Window Cleaning Murrayfield","27","Window cleaning in Murrayfield","30","Why Choose Our Window Cleaning?","31","index, follow","","","https://edicleanexteriorcleaning.co.uk/murrayfield/window-cleaning/","","","","","","85059","15778","15778","6.044","","678","169","4.012","72.494","Fairly Easy","5.595","2","2","","3","2","0","1.070","77","41","0","6","3","0","","","","","aadf743f6434937eb857ae63abd6370f","0.262","","","","","en","1.1","","","","","","https://edicleanexteriorcleaning.co.uk/murrayfield/window-cleaning/","2026-05-12 13:16:31"
"https://edicleanexteriorcleaning.co.uk/murrayfield/gutter-cleaning/","text/html; charset=UTF-8","200","OK","Indexable","","Gutter Cleaning Murrayfield | Professional Exterior Cleaning | EdiClean Exterior Cleaning","89","770","Gutter cleaning and gutter maintenance across Edinburgh, Midlothian, East Lothian and West Lothian. Expert gutter clearing service and gutter inspection and cleaning. We come to you in Murrayfield and the surrounding areas. Get a free quote.","241","1504","","0","Gutter Cleaning Murrayfield","27","Gutter cleaning in Murrayfield","30","Why Choose Our Gutter Cleaning?","31","index, follow","","","https://edicleanexteriorcleaning.co.uk/murrayfield/gutter-cleaning/","","","","","","85477","15970","15970","6.118","","701","174","4.029","73.130","Fairly Easy","5.770","2","2","","3","2","0","1.070","77","41","0","6","3","0","","","","","47f3b9bffa9b4dadf1ecc6e2184a0f9f","0.271","","","","","en","1.1","","","","","","https://edicleanexteriorcleaning.co.uk/murrayfield/gutter-cleaning/","2026-05-12 13:16:31"
"https://edicleanexteriorcleaning.co.uk/murrayfield/render-softwashing/","text/html; charset=UTF-8","200","OK","Indexable","","Render Softwashing Murrayfield | Professional Exterior Cleaning | EdiClean Exterior Cleaning","92","811","Render softwashing specialists providing professional render cleaning and softwash render cleaning. Expert stain removal from render surfaces without damage. We come to you in Murrayfield and the surrounding areas. Get a free quote.","232","1466","","0","Render Softwashing Murrayfield","30","Murrayfield render cleaning","27","Why Choose Our Render Softwashing?","34","index, follow","","","https://edicleanexteriorcleaning.co.uk/murrayfield/render-softwashing/","","","","","","85540","16001","16001","6.130","","698","178","3.921","69.167","Normal","5.867","2","2","","3","2","0","1.070","77","41","0","6","3","0","","","","","8c35278310515abf3bcfb266772e1e7a","0.245","","","","","en","1.1","","","","","","https://edicleanexteriorcleaning.co.uk/murrayfield/render-softwashing/","2026-05-12 13:16:31"
"https://edicleanexteriorcleaning.co.uk/south-queensferry/pvc-white-cleaning/","text/html; charset=UTF-8","200","OK","Indexable","","PVC White Cleaning South Queensferry | Professional Exterior Cleaning | EdiClean Exterior Cleaning","98","875","PVC white cleaning specialists: PVC fascias, soffit and gutter cleaning. Professional fascia and soffit cleaning and PVC restoration. We come to you in South Queensferry and the surrounding areas. Get a free quote.","214","1323","","0","PVC White Cleaning South Queensferry","36","PVC cleaning in South Queensferry","33","Why Choose Our PVC White Cleaning?","34","index, follow","","","https://edicleanexteriorcleaning.co.uk/south-queensferry/pvc-white-cleaning/","","","","","","85522","15945","15945","6.108","","708","177","4.000","77.787","Fairly Easy","5.793","2","2","","3","2","0","1.070","77","41","0","6","3","0","","","","","e60ff7f53184dcb22aef3b391e028424","0.307","","","","","en","1.1","","","","","","https://edicleanexteriorcleaning.co.uk/south-queensferry/pvc-white-cleaning/","2026-05-12 13:16:32"
"https://edicleanexteriorcleaning.co.uk/south-queensferry/driveway-cleaning/","text/html; charset=UTF-8","200","OK","Indexable","","Driveway Cleaning South Queensferry | Professional Exterior Cleaning | EdiClean Exterior Cleaning","97","861","Driveway cleaning, pressure washing and driveway restoration. Professional patio and driveway cleaning with pressure washing services. We come to you in South Queensferry and the surrounding areas. Get a free quote.","215","1361","","0","Driveway Cleaning South Queensferry","35","Pressure washing driveways in South Queensferry","47","Why Choose Our Driveway Cleaning?","33","index, follow","","","https://edicleanexteriorcleaning.co.uk/south-queensferry/driveway-cleaning/","","","","","","85449","15841","15841","6.068","","705","171","4.123","74.490","Fairly Easy","5.756","2","2","","3","2","0","1.070","77","41","0","6","3","0","","","","","cfd063e9919b25c1c106f4958f8a181f","0.275","","","","","en","1.1","","","","","","https://edicleanexteriorcleaning.co.uk/south-queensferry/driveway-cleaning/","2026-05-12 13:16:32"
"https://edicleanexteriorcleaning.co.uk/south-queensferry/render-softwashing/","text/html; charset=UTF-8","200","OK","Indexable","","Render Softwashing South Queensferry | Professional Exterior Cleaning | EdiClean Exterior Cleaning","98","876","Render softwashing specialists providing professional render cleaning and softwash render cleaning. Expert stain removal from render surfaces without damage. We come to you in South Queensferry and the surrounding areas. Get a free quote.","238","1511","","0","Render Softwashing South Queensferry","36","Softwashing render in and around South Queensferry","50","Why Choose Our Render Softwashing?","34","index, follow","","","https://edicleanexteriorcleaning.co.uk/south-queensferry/render-softwashing/","","","","","","85748","15949","15949","6.110","","706","179","3.944","69.461","Normal","5.920","2","2","","3","2","0","1.070","77","41","0","6","3","0","","","","","bc7dbcb0d13dcc4b940ed3c88b437507","0.400","","","","","en","1.1","","","","","","https://edicleanexteriorcleaning.co.uk/south-queensferry/render-softwashing/","2026-05-12 13:16:32"
"https://edicleanexteriorcleaning.co.uk/south-queensferry/window-cleaning/","text/html; charset=UTF-8","200","OK","Indexable","","Window Cleaning South Queensferry | Professional Exterior Cleaning | EdiClean Exterior Cleaning","95","852","Residential and commercial window cleaning. Professional window washing for sparkling results every time. We come to you in South Queensferry and the surrounding areas. Get a free quote.","186","1184","","0","Window Cleaning South Queensferry","33","South Queensferry window cleaning","33","Why Choose Our Window Cleaning?","31","index, follow","","","https://edicleanexteriorcleaning.co.uk/south-queensferry/window-cleaning/","","","","","","85246","15869","15869","6.079","","687","169","4.065","73.038","Fairly Easy","5.641","2","2","","3","2","0","1.070","77","41","0","6","3","0","","","","","d3260f142b6386e4f3b5dfb2ebacc113","0.280","","","","","en","1.1","","","","","","https://edicleanexteriorcleaning.co.uk/south-queensferry/window-cleaning/","2026-05-12 13:16:32"
"https://edicleanexteriorcleaning.co.uk/south-queensferry/gutter-cleaning/","text/html; charset=UTF-8","200","OK","Indexable","","Gutter Cleaning South Queensferry | Professional Exterior Cleaning | EdiClean Exterior Cleaning","95","835","Gutter cleaning and gutter maintenance across Edinburgh, Midlothian, East Lothian and West Lothian. Expert gutter clearing service and gutter inspection and cleaning. We come to you in South Queensferry and the surrounding areas. Get a free quote.","247","1549","","0","Gutter Cleaning South Queensferry","33","Gutter cleaning in South Queensferry","36","Why Choose Our Gutter Cleaning?","31","index, follow","","","https://edicleanexteriorcleaning.co.uk/south-queensferry/gutter-cleaning/","","","","","","85654","15927","15927","6.101","","709","173","4.098","73.926","Fairly Easy","5.808","2","2","","3","2","0","1.070","77","41","0","6","3","0","","","","","d38953fd20d27d5d472b0c94a172d26","0.414","","","","","en","1.1","","","","","","https://edicleanexteriorcleaning.co.uk/south-queensferry/gutter-cleaning/","2026-05-12 13:16:32"
"https://edicleanexteriorcleaning.co.uk/haddington/pvc-white-cleaning/","text/html; charset=UTF-8","200","OK","Indexable","","PVC White Cleaning Haddington | Professional Exterior Cleaning | EdiClean Exterior Cleaning","91","813","PVC white cleaning specialists: PVC fascias, soffit and gutter cleaning. Professional fascia and soffit cleaning and PVC restoration. We come to you in Haddington and the surrounding areas. Get a free quote.","207","1281","","0","PVC White Cleaning Haddington","29","Haddington fascia and soffit cleaning","37","Why Choose Our PVC White Cleaning?","34","index, follow","","","https://edicleanexteriorcleaning.co.uk/haddington/pvc-white-cleaning/","","","","","","85305","15946","15946","6.109","","704","177","3.977","78.422","Fairly Easy","5.745","2","2","","3","2","0","1.070","77","41","0","6","3","0","","","","","35ce406c0dd1c83bd39dae11c4f4e13c","0.410","","","","","en","1.1","","","","","","https://edicleanexteriorcleaning.co.uk/haddington/pvc-white-cleaning/","2026-05-12 13:16:32"
"https://edicleanexteriorcleaning.co.uk/south-queensferry/roof-steam-cleaning/","text/html; charset=UTF-8","200","OK","Indexable","","Roof Steam Cleaning South Queensferry | Professional Exterior Cleaning | EdiClean Exterior Cleaning","99","883","Safe roof steam cleaning for homes and businesses across Edinburgh, Midlothian, East Lothian and West Lothian. Professional moss removal from roof and algae removal from roof tiles. Roof cleaning and moss treatment for lasting results. We come to you in South Queensferry and the surrounding areas. Get a free quote.","316","1997","","0","Roof Steam Cleaning South Queensferry","37","South Queensferry roof cleaning","31","Why Choose Our Roof Steam Cleaning?","35","index, follow","","","https://edicleanexteriorcleaning.co.uk/south-queensferry/roof-steam-cleaning/","","","","","","87196","16119","16119","6.175","","777","187","4.155","72.288","Fairly Easy","6.225","2","2","","3","2","0","1.070","77","41","0","6","3","0","","","","","f7c8f90fa7d2b188a47542058e1aa0a3","0.376","","","","","en","1.1","","","","","","https://edicleanexteriorcleaning.co.uk/south-queensferry/roof-steam-cleaning/","2026-05-12 13:16:32"
"https://edicleanexteriorcleaning.co.uk/haddington/window-cleaning/","text/html; charset=UTF-8","200","OK","Indexable","","Window Cleaning Haddington | Professional Exterior Cleaning | EdiClean Exterior Cleaning","88","791","Residential and commercial window cleaning. Professional window washing for sparkling results every time. We come to you in Haddington and the surrounding areas. Get a free quote.","179","1142","","0","Window Cleaning Haddington","26","Haddington window cleaning","26","Why Choose Our Window Cleaning?","31","index, follow","","","https://edicleanexteriorcleaning.co.uk/haddington/window-cleaning/","","","","","","85030","15936","15936","6.105","","682","169","4.036","73.358","Fairly Easy","5.592","2","2","","3","2","0","1.070","77","41","0","6","3","0","","","","","1e2f0981736ec39802a6f2024b5f7869","0.402","","","","","en","1.1","","","","","","https://edicleanexteriorcleaning.co.uk/haddington/window-cleaning/","2026-05-12 13:16:32"
"https://edicleanexteriorcleaning.co.uk/haddington/driveway-cleaning/","text/html; charset=UTF-8","200","OK","Indexable","","Driveway Cleaning Haddington | Professional Exterior Cleaning | EdiClean Exterior Cleaning","90","799","Driveway cleaning, pressure washing and driveway restoration. Professional patio and driveway cleaning with pressure washing services. We come to you in Haddington and the surrounding areas. Get a free quote.","208","1319","","0","Driveway Cleaning Haddington","28","Driveway cleaning in Haddington","31","Why Choose Our Driveway Cleaning?","33","index, follow","","","https://edicleanexteriorcleaning.co.uk/haddington/driveway-cleaning/","","","","","","85311","15886","15886","6.086","","696","173","4.023","72.934","Fairly Easy","5.740","2","2","","3","2","0","1.070","77","41","0","6","3","0","","","","","b04b4925ae97b5951bf0f5c909b5dbdc","0.413","","","","","en","1.1","","","","","","https://edicleanexteriorcleaning.co.uk/haddington/driveway-cleaning/","2026-05-12 13:16:32"
"https://edicleanexteriorcleaning.co.uk/haddington/gutter-cleaning/","text/html; charset=UTF-8","200","OK","Indexable","","Gutter Cleaning Haddington | Professional Exterior Cleaning | EdiClean Exterior Cleaning","88","774","Gutter cleaning and gutter maintenance across Edinburgh, Midlothian, East Lothian and West Lothian. Expert gutter clearing service and gutter inspection and cleaning. We come to you in Haddington and the surrounding areas. Get a free quote.","240","1507","","0","Gutter Cleaning Haddington","26","Gutter cleaning in Haddington","29","Why Choose Our Gutter Cleaning?","31","index, follow","","","https://edicleanexteriorcleaning.co.uk/haddington/gutter-cleaning/","","","","","","85436","15925","15925","6.101","","704","174","4.046","74.266","Fairly Easy","5.760","2","2","","3","2","0","1.070","77","41","0","6","3","0","","","","","d43f88996e3e25de98bbbccdc10d210a","0.288","","","","","en","1.1","","","","","","https://edicleanexteriorcleaning.co.uk/haddington/gutter-cleaning/","2026-05-12 13:16:33"
"https://edicleanexteriorcleaning.co.uk/tranent/window-cleaning/","text/html; charset=UTF-8","200","OK","Indexable","","Window Cleaning Tranent | Professional Exterior Cleaning | EdiClean Exterior Cleaning","85","756","Residential and commercial window cleaning. Professional window washing for sparkling results every time. We come to you in Tranent and the surrounding areas. Get a free quote.","176","1117","","0","Window Cleaning Tranent","23","Window cleaning in Tranent","26","Why Choose Our Window Cleaning?","31","index, follow","","","https://edicleanexteriorcleaning.co.uk/tranent/window-cleaning/","","","","","","84948","15776","15776","6.043","","678","169","4.012","73.867","Fairly Easy","5.568","2","2","","3","2","0","1.070","77","41","0","6","3","0","","","","","1c547c30bf42664329767c984dd7d9cd","0.268","","","","","en","1.1","","","","","","https://edicleanexteriorcleaning.co.uk/tranent/window-cleaning/","2026-05-12 13:16:33"
"https://edicleanexteriorcleaning.co.uk/haddington/render-softwashing/","text/html; charset=UTF-8","200","OK","Indexable","","Render Softwashing Haddington | Professional Exterior Cleaning | EdiClean Exterior Cleaning","91","815","Render softwashing specialists providing professional render cleaning and softwash render cleaning. Expert stain removal from render surfaces without damage. We come to you in Haddington and the surrounding areas. Get a free quote.","231","1469","","0","Render Softwashing Haddington","29","Render cleaning in Haddington","29","Why Choose Our Render Softwashing?","34","index, follow","","","https://edicleanexteriorcleaning.co.uk/haddington/render-softwashing/","","","","","","85524","15949","15949","6.110","","704","178","3.955","70.633","Fairly Easy","5.866","2","2","","3","2","0","1.070","77","41","0","6","3","0","","","","","d80f3d55a0069441202bd85a3d25d2eb","0.330","","","","","en","1.1","","","","","","https://edicleanexteriorcleaning.co.uk/haddington/render-softwashing/","2026-05-12 13:16:33"
"https://edicleanexteriorcleaning.co.uk/haddington/roof-steam-cleaning/","text/html; charset=UTF-8","200","OK","Indexable","","Roof Steam Cleaning Haddington | Professional Exterior Cleaning | EdiClean Exterior Cleaning","92","822","Safe roof steam cleaning for homes and businesses across Edinburgh, Midlothian, East Lothian and West Lothian. Professional moss removal from roof and algae removal from roof tiles. Roof cleaning and moss treatment for lasting results. We come to you in Haddington and the surrounding areas. Get a free quote.","309","1955","","0","Roof Steam Cleaning Haddington","30","Roof steam cleaning in Haddington","33","Why Choose Our Roof Steam Cleaning?","35","index, follow","","","https://edicleanexteriorcleaning.co.uk/haddington/roof-steam-cleaning/","","","","","","87233","16165","16165","6.193","","798","188","4.245","74.354","Fairly Easy","6.300","2","2","","3","2","0","1.070","77","41","0","6","3","0","","","","","21772ddc0f4b860650a6b2997148f18f","0.287","","","","","en","1.1","","","","","","https://edicleanexteriorcleaning.co.uk/haddington/roof-steam-cleaning/","2026-05-12 13:16:33"
"https://edicleanexteriorcleaning.co.uk/tranent/gutter-cleaning/","text/html; charset=UTF-8","200","OK","Indexable","","Gutter Cleaning Tranent | Professional Exterior Cleaning | EdiClean Exterior Cleaning","85","739","Gutter cleaning and gutter maintenance across Edinburgh, Midlothian, East Lothian and West Lothian. Expert gutter clearing service and gutter inspection and cleaning. We come to you in Tranent and the surrounding areas. Get a free quote.","237","1483","","0","Gutter Cleaning Tranent","23","Clear gutters in and around Tranent","35","Why Choose Our Gutter Cleaning?","31","index, follow","","","https://edicleanexteriorcleaning.co.uk/tranent/gutter-cleaning/","","","","","","85296","15950","15950","6.110","","696","172","4.047","74.005","Fairly Easy","5.714","2","2","","3","2","0","1.070","77","41","0","6","3","0","","","","","35dc2183ffacef995ca2a67e497448e7","0.377","","","","","en","1.1","","","","","","https://edicleanexteriorcleaning.co.uk/tranent/gutter-cleaning/","2026-05-12 13:16:33"
"https://edicleanexteriorcleaning.co.uk/tranent/driveway-cleaning/","text/html; charset=UTF-8","200","OK","Indexable","","Driveway Cleaning Tranent | Professional Exterior Cleaning | EdiClean Exterior Cleaning","87","765","Driveway cleaning, pressure washing and driveway restoration. Professional patio and driveway cleaning with pressure washing services. We come to you in Tranent and the surrounding areas. Get a free quote.","205","1295","","0","Driveway Cleaning Tranent","25","Tranent driveways—cleaned and restored","38","Why Choose Our Driveway Cleaning?","33","index, follow","","","https://edicleanexteriorcleaning.co.uk/tranent/driveway-cleaning/","","","","","","85316","15897","15897","6.090","","704","174","4.046","74.627","Fairly Easy","5.758","2","2","","3","2","0","1.070","77","41","0","6","3","0","","","","","887b6cb6fb3f99c6d12f2c3fe2f6e9f3","0.344","","","","","en","1.1","","","","","","https://edicleanexteriorcleaning.co.uk/tranent/driveway-cleaning/","2026-05-12 13:16:33"
"https://edicleanexteriorcleaning.co.uk/tranent/render-softwashing/","text/html; charset=UTF-8","200","OK","Indexable","","Render Softwashing Tranent | Professional Exterior Cleaning | EdiClean Exterior Cleaning","88","780","Render softwashing specialists providing professional render cleaning and softwash render cleaning. Expert stain removal from render surfaces without damage. We come to you in Tranent and the surrounding areas. Get a free quote.","228","1445","","0","Render Softwashing Tranent","26","Softwashing render in and around Tranent","40","Why Choose Our Render Softwashing?","34","index, follow","","","https://edicleanexteriorcleaning.co.uk/tranent/render-softwashing/","","","","","","85463","15992","15992","6.126","","698","179","3.899","69.796","Normal","5.855","2","2","","3","2","0","1.070","77","41","0","6","3","0","","","","","3be0604d1d4cead5327db8331a10f8f4","0.274","","","","","en","1.1","","","","","","https://edicleanexteriorcleaning.co.uk/tranent/render-softwashing/","2026-05-12 13:16:33"
"https://edicleanexteriorcleaning.co.uk/tranent/roof-steam-cleaning/","text/html; charset=UTF-8","200","OK","Indexable","","Roof Steam Cleaning Tranent | Professional Exterior Cleaning | EdiClean Exterior Cleaning","89","787","Safe roof steam cleaning for homes and businesses across Edinburgh, Midlothian, East Lothian and West Lothian. Professional moss removal from roof and algae removal from roof tiles. Roof cleaning and moss treatment for lasting results. We come to you in Tranent and the surrounding areas. Get a free quote.","306","1930","","0","Roof Steam Cleaning Tranent","27","Roof steam cleaning in Tranent","30","Why Choose Our Roof Steam Cleaning?","35","index, follow","","","https://edicleanexteriorcleaning.co.uk/tranent/roof-steam-cleaning/","","","","","","87166","16096","16096","6.166","","795","187","4.251","74.396","Fairly Easy","6.285","2","2","","3","2","0","1.070","77","41","0","6","3","0","","","","","89d44c09cd76f969251149a9cbcb3c0e","0.264","","","","","en","1.1","","","","","","https://edicleanexteriorcleaning.co.uk/tranent/roof-steam-cleaning/","2026-05-12 13:16:34"
"https://edicleanexteriorcleaning.co.uk/trinity/window-cleaning/","text/html; charset=UTF-8","200","OK","Indexable","","Window Cleaning Trinity | Professional Exterior Cleaning | EdiClean Exterior Cleaning","85","742","Residential and commercial window cleaning. Professional window washing for sparkling results every time. We come to you in Trinity and the surrounding areas. Get a free quote.","176","1108","","0","Window Cleaning Trinity","23","Trinity window cleaning","23","Why Choose Our Window Cleaning?","31","index, follow","","","https://edicleanexteriorcleaning.co.uk/trinity/window-cleaning/","","","","","","84897","15558","15558","5.960","","679","168","4.042","73.154","Fairly Easy","5.549","2","2","","3","2","0","1.070","77","41","0","6","3","0","","","","","5f7b4c3474d53009224d3106fae0f3ad","0.260","","","","","en","1.1","","","","","","https://edicleanexteriorcleaning.co.uk/trinity/window-cleaning/","2026-05-12 13:16:34"
"https://edicleanexteriorcleaning.co.uk/trinity/render-softwashing/","text/html; charset=UTF-8","200","OK","Indexable","","Render Softwashing Trinity | Professional Exterior Cleaning | EdiClean Exterior Cleaning","88","766","Render softwashing specialists providing professional render cleaning and softwash render cleaning. Expert stain removal from render surfaces without damage. We come to you in Trinity and the surrounding areas. Get a free quote.","228","1435","","0","Render Softwashing Trinity","26","Trinity render cleaning","23","Why Choose Our Render Softwashing?","34","index, follow","","","https://edicleanexteriorcleaning.co.uk/trinity/render-softwashing/","","","","","","85372","15945","15945","6.108","","698","176","3.966","70.092","Fairly Easy","5.814","2","2","","3","2","0","1.070","77","41","0","6","3","0","","","","","62c8655e4fd4c7425f7ba94f9e594fde","0.279","","","","","en","1.1","","","","","","https://edicleanexteriorcleaning.co.uk/trinity/render-softwashing/","2026-05-12 13:16:34"
"https://edicleanexteriorcleaning.co.uk/tranent/pvc-white-cleaning/","text/html; charset=UTF-8","200","OK","Indexable","","PVC White Cleaning Tranent | Professional Exterior Cleaning | EdiClean Exterior Cleaning","88","779","PVC white cleaning specialists: PVC fascias, soffit and gutter cleaning. Professional fascia and soffit cleaning and PVC restoration. We come to you in Tranent and the surrounding areas. Get a free quote.","204","1257","","0","PVC White Cleaning Tranent","26","PVC cleaning in Tranent","23","Why Choose Our PVC White Cleaning?","34","index, follow","","","https://edicleanexteriorcleaning.co.uk/tranent/pvc-white-cleaning/","","","","","","85240","15912","15912","6.096","","700","177","3.955","78.217","Fairly Easy","5.728","2","2","","3","2","0","1.070","77","41","0","6","3","0","","","","","f0766cd419558fc74027c2a745824758","0.254","","","","","en","1.1","","","","","","https://edicleanexteriorcleaning.co.uk/tranent/pvc-white-cleaning/","2026-05-12 13:16:34"
"https://edicleanexteriorcleaning.co.uk/trinity/roof-steam-cleaning/","text/html; charset=UTF-8","200","OK","Indexable","","Roof Steam Cleaning Trinity | Professional Exterior Cleaning | EdiClean Exterior Cleaning","89","773","Safe roof steam cleaning for homes and businesses across Edinburgh, Midlothian, East Lothian and West Lothian. Professional moss removal from roof and algae removal from roof tiles. Roof cleaning and moss treatment for lasting results. We come to you in Trinity and the surrounding areas. Get a free quote.","306","1921","","0","Roof Steam Cleaning Trinity","27","Trinity roof cleaning","21","Why Choose Our Roof Steam Cleaning?","35","index, follow","","","https://edicleanexteriorcleaning.co.uk/trinity/roof-steam-cleaning/","","","","","","86849","16069","16069","6.156","","769","184","4.179","72.338","Fairly Easy","6.136","2","2","","3","2","0","1.070","77","41","0","6","3","0","","","","","854d6f2d70b44b07ec63eeba2c4c75d1","0.257","","","","","en","1.1","","","","","","https://edicleanexteriorcleaning.co.uk/trinity/roof-steam-cleaning/","2026-05-12 13:16:34"
"https://edicleanexteriorcleaning.co.uk/trinity/driveway-cleaning/","text/html; charset=UTF-8","200","OK","Indexable","","Driveway Cleaning Trinity | Professional Exterior Cleaning | EdiClean Exterior Cleaning","87","751","Driveway cleaning, pressure washing and driveway restoration. Professional patio and driveway cleaning with pressure washing services. We come to you in Trinity and the surrounding areas. Get a free quote.","205","1285","","0","Driveway Cleaning Trinity","25","Driveway cleaning in Trinity","28","Why Choose Our Driveway Cleaning?","33","index, follow","","","https://edicleanexteriorcleaning.co.uk/trinity/driveway-cleaning/","","","","","","85178","15836","15836","6.066","","693","172","4.029","72.733","Fairly Easy","5.698","2","2","","3","2","0","1.070","77","41","0","6","3","0","","","","","e21e57161ef630bf3919a325f4325432","0.286","","","","","en","1.1","","","","","","https://edicleanexteriorcleaning.co.uk/trinity/driveway-cleaning/","2026-05-12 13:16:34"
"https://edicleanexteriorcleaning.co.uk/trinity/pvc-white-cleaning/","text/html; charset=UTF-8","200","OK","Indexable","","PVC White Cleaning Trinity | Professional Exterior Cleaning | EdiClean Exterior Cleaning","88","765","PVC white cleaning specialists: PVC fascias, soffit and gutter cleaning. Professional fascia and soffit cleaning and PVC restoration. We come to you in Trinity and the surrounding areas. Get a free quote.","204","1247","","0","PVC White Cleaning Trinity","26","PVC cleaning in Trinity","23","Why Choose Our PVC White Cleaning?","34","index, follow","","","https://edicleanexteriorcleaning.co.uk/trinity/pvc-white-cleaning/","","","","","","85181","15949","15949","6.110","","700","176","3.977","77.953","Fairly Easy","5.701","2","2","","3","2","0","1.070","77","41","0","6","3","0","","","","","b63fcfbff691a46cc3d43c1675042ca2","0.272","","","","","en","1.1","","","","","","https://edicleanexteriorcleaning.co.uk/trinity/pvc-white-cleaning/","2026-05-12 13:16:34"
"https://edicleanexteriorcleaning.co.uk/corstorphine/gutter-cleaning/","text/html; charset=UTF-8","200","OK","Indexable","","Gutter Cleaning Corstorphine | Professional Exterior Cleaning | EdiClean Exterior Cleaning","90","785","Gutter cleaning and gutter maintenance across Edinburgh, Midlothian, East Lothian and West Lothian. Expert gutter clearing service and gutter inspection and cleaning. We come to you in Corstorphine and the surrounding areas. Get a free quote.","242","1515","","0","Gutter Cleaning Corstorphine","28","Corstorphine gutter clearing","28","Why Choose Our Gutter Cleaning?","31","index, follow","","","https://edicleanexteriorcleaning.co.uk/corstorphine/gutter-cleaning/","","","","","","85445","15923","15923","6.100","","699","173","4.040","73.595","Fairly Easy","5.751","2","2","","3","2","0","1.070","77","41","0","6","3","0","","","","","af891060b8972c0189fca06db8107961","0.229","","","","","en","1.1","","","","","","https://edicleanexteriorcleaning.co.uk/corstorphine/gutter-cleaning/","2026-05-12 13:16:34"
"https://edicleanexteriorcleaning.co.uk/trinity/gutter-cleaning/","text/html; charset=UTF-8","200","OK","Indexable","","Gutter Cleaning Trinity | Professional Exterior Cleaning | EdiClean Exterior Cleaning","85","725","Gutter cleaning and gutter maintenance across Edinburgh, Midlothian, East Lothian and West Lothian. Expert gutter clearing service and gutter inspection and cleaning. We come to you in Trinity and the surrounding areas. Get a free quote.","237","1473","","0","Gutter Cleaning Trinity","23","Trinity gutter clearing","23","Why Choose Our Gutter Cleaning?","31","index, follow","","","https://edicleanexteriorcleaning.co.uk/trinity/gutter-cleaning/","","","","","","85252","15904","15904","6.093","","699","171","4.088","74.273","Fairly Easy","5.695","2","2","","3","2","0","1.070","77","41","0","6","3","0","","","","","9e06ebbf9e29eafd8480bd3adef60af1","0.264","","","","","en","1.1","","","","","","https://edicleanexteriorcleaning.co.uk/trinity/gutter-cleaning/","2026-05-12 13:16:34"
"https://edicleanexteriorcleaning.co.uk/corstorphine/render-softwashing/","text/html; charset=UTF-8","200","OK","Indexable","","Render Softwashing Corstorphine | Professional Exterior Cleaning | EdiClean Exterior Cleaning","93","826","Render softwashing specialists providing professional render cleaning and softwash render cleaning. Expert stain removal from render surfaces without damage. We come to you in Corstorphine and the surrounding areas. Get a free quote.","233","1477","","0","Render Softwashing Corstorphine","31","Corstorphine render cleaning","28","Why Choose Our Render Softwashing?","34","index, follow","","","https://edicleanexteriorcleaning.co.uk/corstorphine/render-softwashing/","","","","","","85564","15981","15981","6.122","","698","178","3.921","69.531","Normal","5.870","2","2","","3","2","0","1.070","77","41","0","6","3","0","","","","","371da926239f362f1379862bad729617","0.258","","","","","en","1.1","","","","","","https://edicleanexteriorcleaning.co.uk/corstorphine/render-softwashing/","2026-05-12 13:16:34"
"https://edicleanexteriorcleaning.co.uk/corstorphine/window-cleaning/","text/html; charset=UTF-8","200","OK","Indexable","","Window Cleaning Corstorphine | Professional Exterior Cleaning | EdiClean Exterior Cleaning","90","802","Residential and commercial window cleaning. Professional window washing for sparkling results every time. We come to you in Corstorphine and the surrounding areas. Get a free quote.","181","1150","","0","Window Cleaning Corstorphine","28","Window washing in and around Corstorphine","41","Why Choose Our Window Cleaning?","31","index, follow","","","https://edicleanexteriorcleaning.co.uk/corstorphine/window-cleaning/","","","","","","85065","15858","15858","6.075","","675","170","3.971","72.333","Fairly Easy","5.593","2","2","","3","2","0","1.070","77","41","0","6","3","0","","","","","8e18b0109251f114cd545dc7b3ec325a","0.276","","","","","en","1.1","","","","","","https://edicleanexteriorcleaning.co.uk/corstorphine/window-cleaning/","2026-05-12 13:16:34"
"https://edicleanexteriorcleaning.co.uk/corstorphine/pvc-white-cleaning/","text/html; charset=UTF-8","200","OK","Indexable","","PVC White Cleaning Corstorphine | Professional Exterior Cleaning | EdiClean Exterior Cleaning","93","825","PVC white cleaning specialists: PVC fascias, soffit and gutter cleaning. Professional fascia and soffit cleaning and PVC restoration. We come to you in Corstorphine and the surrounding areas. Get a free quote.","209","1289","","0","PVC White Cleaning Corstorphine","31","PVC cleaning in Corstorphine","28","Why Choose Our PVC White Cleaning?","34","index, follow","","","https://edicleanexteriorcleaning.co.uk/corstorphine/pvc-white-cleaning/","","","","","","85376","15923","15923","6.100","","700","177","3.955","77.250","Fairly Easy","5.757","2","2","","3","2","0","1.070","77","41","0","6","3","0","","","","","9737bfc5561c51a360e9beb6b32bf7f2","0.367","","","","","en","1.1","","","","","","https://edicleanexteriorcleaning.co.uk/corstorphine/pvc-white-cleaning/","2026-05-12 13:16:34"
"https://edicleanexteriorcleaning.co.uk/cramond/render-softwashing/","text/html; charset=UTF-8","200","OK","Indexable","","Render Softwashing Cramond | Professional Exterior Cleaning | EdiClean Exterior Cleaning","88","793","Render softwashing specialists providing professional render cleaning and softwash render cleaning. Expert stain removal from render surfaces without damage. We come to you in Cramond and the surrounding areas. Get a free quote.","228","1453","","0","Render Softwashing Cramond","26","Softwashing render in and around Cramond","40","Why Choose Our Render Softwashing?","34","index, follow","","","https://edicleanexteriorcleaning.co.uk/cramond/render-softwashing/","","","","","","85461","15980","15980","6.122","","701","179","3.916","70.469","Fairly Easy","5.854","2","2","","3","2","0","1.070","77","41","0","6","3","0","","","","","daa5116862232b700c0b222f435a6305","0.391","","","","","en","1.1","","","","","","https://edicleanexteriorcleaning.co.uk/cramond/render-softwashing/","2026-05-12 13:16:35"
"https://edicleanexteriorcleaning.co.uk/corstorphine/driveway-cleaning/","text/html; charset=UTF-8","200","OK","Indexable","","Driveway Cleaning Corstorphine | Professional Exterior Cleaning | EdiClean Exterior Cleaning","92","811","Driveway cleaning, pressure washing and driveway restoration. Professional patio and driveway cleaning with pressure washing services. We come to you in Corstorphine and the surrounding areas. Get a free quote.","210","1327","","0","Driveway Cleaning Corstorphine","30","Pressure washing driveways in Corstorphine","42","Why Choose Our Driveway Cleaning?","33","index, follow","","","https://edicleanexteriorcleaning.co.uk/corstorphine/driveway-cleaning/","","","","","","85302","15852","15852","6.073","","697","172","4.052","74.062","Fairly Easy","5.720","2","2","","3","2","0","1.070","77","41","0","6","3","0","","","","","df32f8b3e05a72fb2a5349a9c455bea2","0.480","","","","","en","1.1","","","","","","https://edicleanexteriorcleaning.co.uk/corstorphine/driveway-cleaning/","2026-05-12 13:16:35"
"https://edicleanexteriorcleaning.co.uk/corstorphine/roof-steam-cleaning/","text/html; charset=UTF-8","200","OK","Indexable","","Roof Steam Cleaning Corstorphine | Professional Exterior Cleaning | EdiClean Exterior Cleaning","94","833","Safe roof steam cleaning for homes and businesses across Edinburgh, Midlothian, East Lothian and West Lothian. Professional moss removal from roof and algae removal from roof tiles. Roof cleaning and moss treatment for lasting results. We come to you in Corstorphine and the surrounding areas. Get a free quote.","311","1963","","0","Roof Steam Cleaning Corstorphine","32","Moss and algae removal in Corstorphine","38","Why Choose Our Roof Steam Cleaning?","35","index, follow","","","https://edicleanexteriorcleaning.co.uk/corstorphine/roof-steam-cleaning/","","","","","","87015","16114","16114","6.173","","769","186","4.134","72.603","Fairly Easy","6.172","2","2","","3","2","0","1.070","77","41","0","6","3","0","","","","","1a918f9788d70f2b5d7fcd2abd4944aa","0.344","","","","","en","1.1","","","","","","https://edicleanexteriorcleaning.co.uk/corstorphine/roof-steam-cleaning/","2026-05-12 13:16:35"
"https://edicleanexteriorcleaning.co.uk/cramond/driveway-cleaning/","text/html; charset=UTF-8","200","OK","Indexable","","Driveway Cleaning Cramond | Professional Exterior Cleaning | EdiClean Exterior Cleaning","87","777","Driveway cleaning, pressure washing and driveway restoration. Professional patio and driveway cleaning with pressure washing services. We come to you in Cramond and the surrounding areas. Get a free quote.","205","1303","","0","Driveway Cleaning Cramond","25","Driveway cleaning in Cramond","28","Why Choose Our Driveway Cleaning?","33","index, follow","","","https://edicleanexteriorcleaning.co.uk/cramond/driveway-cleaning/","","","","","","85243","15951","15951","6.111","","696","173","4.023","73.664","Fairly Easy","5.723","2","2","","3","2","0","1.070","77","41","0","6","3","0","","","","","582fbdcaf46761430a3e250e07f975ae","0.414","","","","","en","1.1","","","","","","https://edicleanexteriorcleaning.co.uk/cramond/driveway-cleaning/","2026-05-12 13:16:35"
"https://edicleanexteriorcleaning.co.uk/cramond/window-cleaning/","text/html; charset=UTF-8","200","OK","Indexable","","Window Cleaning Cramond | Professional Exterior Cleaning | EdiClean Exterior Cleaning","85","769","Residential and commercial window cleaning. Professional window washing for sparkling results every time. We come to you in Cramond and the surrounding areas. Get a free quote.","176","1126","","0","Window Cleaning Cramond","23","Window washing in and around Cramond","36","Why Choose Our Window Cleaning?","31","index, follow","","","https://edicleanexteriorcleaning.co.uk/cramond/window-cleaning/","","","","","","84934","15914","15914","6.096","","678","170","3.988","73.890","Fairly Easy","5.562","2","2","","3","2","0","1.070","77","41","0","6","3","0","","","","","6cdc27c4beb623f490d5e7d59f6883f8","0.387","","","","","en","1.1","","","","","","https://edicleanexteriorcleaning.co.uk/cramond/window-cleaning/","2026-05-12 13:16:35"
"https://edicleanexteriorcleaning.co.uk/cramond/roof-steam-cleaning/","text/html; charset=UTF-8","200","OK","Indexable","","Roof Steam Cleaning Cramond | Professional Exterior Cleaning | EdiClean Exterior Cleaning","89","800","Safe roof steam cleaning for homes and businesses across Edinburgh, Midlothian, East Lothian and West Lothian. Professional moss removal from roof and algae removal from roof tiles. Roof cleaning and moss treatment for lasting results. We come to you in Cramond and the surrounding areas. Get a free quote.","306","1939","","0","Roof Steam Cleaning Cramond","27","Moss and algae removal in Cramond","33","Why Choose Our Roof Steam Cleaning?","35","index, follow","","","https://edicleanexteriorcleaning.co.uk/cramond/roof-steam-cleaning/","","","","","","86880","16058","16058","6.152","","772","185","4.173","74.056","Fairly Easy","6.143","2","2","","3","2","0","1.070","77","41","0","6","3","0","","","","","24433eb69b5b8592722b577d65a7f99b","0.295","","","","","en","1.1","","","","","","https://edicleanexteriorcleaning.co.uk/cramond/roof-steam-cleaning/","2026-05-12 13:16:35"
"https://edicleanexteriorcleaning.co.uk/cramond/pvc-white-cleaning/","text/html; charset=UTF-8","200","OK","Indexable","","PVC White Cleaning Cramond | Professional Exterior Cleaning | EdiClean Exterior Cleaning","88","791","PVC white cleaning specialists: PVC fascias, soffit and gutter cleaning. Professional fascia and soffit cleaning and PVC restoration. We come to you in Cramond and the surrounding areas. Get a free quote.","204","1265","","0","PVC White Cleaning Cramond","26","PVC cleaning in Cramond","23","Why Choose Our PVC White Cleaning?","34","index, follow","","","https://edicleanexteriorcleaning.co.uk/cramond/pvc-white-cleaning/","","","","","","85242","15890","15890","6.087","","703","177","3.972","78.852","Fairly Easy","5.727","2","2","","3","2","0","1.070","77","41","0","6","3","0","","","","","80ce13b67ea2e3ae7e330364153823a2","0.251","","","","","en","1.1","","","","","","https://edicleanexteriorcleaning.co.uk/cramond/pvc-white-cleaning/","2026-05-12 13:16:35"
"https://edicleanexteriorcleaning.co.uk/cramond/gutter-cleaning/","text/html; charset=UTF-8","200","OK","Indexable","","Gutter Cleaning Cramond | Professional Exterior Cleaning | EdiClean Exterior Cleaning","85","752","Gutter cleaning and gutter maintenance across Edinburgh, Midlothian, East Lothian and West Lothian. Expert gutter clearing service and gutter inspection and cleaning. We come to you in Cramond and the surrounding areas. Get a free quote.","237","1491","","0","Gutter Cleaning Cramond","23","Cramond gutter clearing","23","Why Choose Our Gutter Cleaning?","31","index, follow","","","https://edicleanexteriorcleaning.co.uk/cramond/gutter-cleaning/","","","","","","85310","15908","15908","6.094","","702","172","4.081","75.190","Fairly Easy","5.720","2","2","","3","2","0","1.070","77","41","0","6","3","0","","","","","e84551654d790cf7c95f45e9907914a","0.283","","","","","en","1.1","","","","","","https://edicleanexteriorcleaning.co.uk/cramond/gutter-cleaning/","2026-05-12 13:16:35"
"https://edicleanexteriorcleaning.co.uk/davidsons-mains/render-softwashing/","text/html; charset=UTF-8","200","OK","Indexable","","Render Softwashing Davidsons Mains | Professional Exterior Cleaning | EdiClean Exterior Cleaning","96","862","Render softwashing specialists providing professional render cleaning and softwash render cleaning. Expert stain removal from render surfaces without damage. We come to you in Davidsons Mains and the surrounding areas. Get a free quote.","236","1503","","0","Render Softwashing Davidsons Mains","34","Davidsons Mains render cleaning","31","Why Choose Our Render Softwashing?","34","index, follow","","","https://edicleanexteriorcleaning.co.uk/davidsons-mains/render-softwashing/","","","","","","85647","15979","15979","6.121","","706","178","3.966","70.757","Fairly Easy","5.885","2","2","","3","2","0","1.070","77","41","0","6","3","0","","","","","96202fe639c4130db61733fb068b1762","0.312","","","","","en","1.1","","","","","","https://edicleanexteriorcleaning.co.uk/davidsons-mains/render-softwashing/","2026-05-12 13:16:36"
"https://edicleanexteriorcleaning.co.uk/davidsons-mains/window-cleaning/","text/html; charset=UTF-8","200","OK","Indexable","","Window Cleaning Davidsons Mains | Professional Exterior Cleaning | EdiClean Exterior Cleaning","93","838","Residential and commercial window cleaning. Professional window washing for sparkling results every time. We come to you in Davidsons Mains and the surrounding areas. Get a free quote.","184","1175","","0","Window Cleaning Davidsons Mains","31","Window washing in and around Davidsons Mains","44","Why Choose Our Window Cleaning?","31","index, follow","","","https://edicleanexteriorcleaning.co.uk/davidsons-mains/window-cleaning/","","","","","","85148","15866","15866","6.078","","683","170","4.018","73.566","Fairly Easy","5.609","2","2","","3","2","0","1.070","77","41","0","6","3","0","","","","","a611ce79e48d550b922a08dcd8bc1b3f","0.316","","","","","en","1.1","","","","","","https://edicleanexteriorcleaning.co.uk/davidsons-mains/window-cleaning/","2026-05-12 13:16:36"
"https://edicleanexteriorcleaning.co.uk/davidsons-mains/roof-steam-cleaning/","text/html; charset=UTF-8","200","OK","Indexable","","Roof Steam Cleaning Davidsons Mains | Professional Exterior Cleaning | EdiClean Exterior Cleaning","97","869","Safe roof steam cleaning for homes and businesses across Edinburgh, Midlothian, East Lothian and West Lothian. Professional moss removal from roof and algae removal from roof tiles. Roof cleaning and moss treatment for lasting results. We come to you in Davidsons Mains and the surrounding areas. Get a free quote.","314","1988","","0","Roof Steam Cleaning Davidsons Mains","35","Davidsons Mains roof cleaning","29","Why Choose Our Roof Steam Cleaning?","35","index, follow","","","https://edicleanexteriorcleaning.co.uk/davidsons-mains/roof-steam-cleaning/","","","","","","87128","16065","16065","6.154","","777","187","4.155","72.941","Fairly Easy","6.205","2","2","","3","2","0","1.070","77","41","0","6","3","0","","","","","34fe7a2416cebfe22797daa5e62b99b0","0.260","","","","","en","1.1","","","","","","https://edicleanexteriorcleaning.co.uk/davidsons-mains/roof-steam-cleaning/","2026-05-12 13:16:36"
"https://edicleanexteriorcleaning.co.uk/davidsons-mains/pvc-white-cleaning/","text/html; charset=UTF-8","200","OK","Indexable","","PVC White Cleaning Davidsons Mains | Professional Exterior Cleaning | EdiClean Exterior Cleaning","96","861","PVC white cleaning specialists: PVC fascias, soffit and gutter cleaning. Professional fascia and soffit cleaning and PVC restoration. We come to you in Davidsons Mains and the surrounding areas. Get a free quote.","212","1315","","0","PVC White Cleaning Davidsons Mains","34","Fascias and soffits in Davidsons Mains","38","Why Choose Our PVC White Cleaning?","34","index, follow","","","https://edicleanexteriorcleaning.co.uk/davidsons-mains/pvc-white-cleaning/","","","","","","85453","15940","15940","6.106","","710","177","4.011","78.842","Fairly Easy","5.772","2","2","","3","2","0","1.070","77","41","0","6","3","0","","","","","a340a603fdddb34cb41d18a7f5e13ce3","0.453","","","","","en","1.1","","","","","","https://edicleanexteriorcleaning.co.uk/davidsons-mains/pvc-white-cleaning/","2026-05-12 13:16:36"
"https://edicleanexteriorcleaning.co.uk/davidsons-mains/gutter-cleaning/","text/html; charset=UTF-8","200","OK","Indexable","","Gutter Cleaning Davidsons Mains | Professional Exterior Cleaning | EdiClean Exterior Cleaning","93","821","Gutter cleaning and gutter maintenance across Edinburgh, Midlothian, East Lothian and West Lothian. Expert gutter clearing service and gutter inspection and cleaning. We come to you in Davidsons Mains and the surrounding areas. Get a free quote.","245","1541","","0","Gutter Cleaning Davidsons Mains","31","Clear gutters in and around Davidsons Mains","43","Why Choose Our Gutter Cleaning?","31","index, follow","","","https://edicleanexteriorcleaning.co.uk/davidsons-mains/gutter-cleaning/","","","","","","85513","15920","15920","6.099","","704","173","4.069","74.363","Fairly Easy","5.759","2","2","","3","2","0","1.070","77","41","0","6","3","0","","","","","794e8aa0d8ffe09ecbb893dc4fe0296c","0.401","","","","","en","1.1","","","","","","https://edicleanexteriorcleaning.co.uk/davidsons-mains/gutter-cleaning/","2026-05-12 13:16:36"
"https://edicleanexteriorcleaning.co.uk/north-berwick/window-cleaning/","text/html; charset=UTF-8","200","OK","Indexable","","Window Cleaning North Berwick | Professional Exterior Cleaning | EdiClean Exterior Cleaning","91","812","Residential and commercial window cleaning. Professional window washing for sparkling results every time. We come to you in North Berwick and the surrounding areas. Get a free quote.","182","1157","","0","Window Cleaning North Berwick","29","Window cleaning in North Berwick","32","Why Choose Our Window Cleaning?","31","index, follow","","","https://edicleanexteriorcleaning.co.uk/north-berwick/window-cleaning/","","","","","","85093","15814","15814","6.058","","686","169","4.059","74.458","Fairly Easy","5.600","2","2","","3","2","0","1.070","77","41","0","6","3","0","","","","","3d75443868971de17809e6fc13f5122a","0.292","","","","","en","1.1","","","","","","https://edicleanexteriorcleaning.co.uk/north-berwick/window-cleaning/","2026-05-12 13:16:36"
"https://edicleanexteriorcleaning.co.uk/davidsons-mains/driveway-cleaning/","text/html; charset=UTF-8","200","OK","Indexable","","Driveway Cleaning Davidsons Mains | Professional Exterior Cleaning | EdiClean Exterior Cleaning","95","847","Driveway cleaning, pressure washing and driveway restoration. Professional patio and driveway cleaning with pressure washing services. We come to you in Davidsons Mains and the surrounding areas. Get a free quote.","213","1353","","0","Driveway Cleaning Davidsons Mains","33","Davidsons Mains driveways—cleaned and restored","46","Why Choose Our Driveway Cleaning?","33","index, follow","","","https://edicleanexteriorcleaning.co.uk/davidsons-mains/driveway-cleaning/","","","","","","85526","15963","15963","6.115","","712","174","4.092","74.950","Fairly Easy","5.804","2","2","","3","2","0","1.070","77","41","0","6","3","0","","","","","e2e50485226606fa223dbfb5113e0a21","0.415","","","","","en","1.1","","","","","","https://edicleanexteriorcleaning.co.uk/davidsons-mains/driveway-cleaning/","2026-05-12 13:16:36"
"https://edicleanexteriorcleaning.co.uk/north-berwick/render-softwashing/","text/html; charset=UTF-8","200","OK","Indexable","","Render Softwashing North Berwick | Professional Exterior Cleaning | EdiClean Exterior Cleaning","94","836","Render softwashing specialists providing professional render cleaning and softwash render cleaning. Expert stain removal from render surfaces without damage. We come to you in North Berwick and the surrounding areas. Get a free quote.","234","1484","","0","Render Softwashing North Berwick","32","North Berwick render cleaning","29","Why Choose Our Render Softwashing?","34","index, follow","","","https://edicleanexteriorcleaning.co.uk/north-berwick/render-softwashing/","","","","","","85581","15999","15999","6.129","","706","178","3.966","71.116","Fairly Easy","5.871","2","2","","3","2","0","1.070","77","41","0","6","3","0","","","","","50f19460450db1ec89f0825bd0fdeae6","0.335","","","","","en","1.1","","","","","","https://edicleanexteriorcleaning.co.uk/north-berwick/render-softwashing/","2026-05-12 13:16:36"
"https://edicleanexteriorcleaning.co.uk/north-berwick/driveway-cleaning/","text/html; charset=UTF-8","200","OK","Indexable","","Driveway Cleaning North Berwick | Professional Exterior Cleaning | EdiClean Exterior Cleaning","93","821","Driveway cleaning, pressure washing and driveway restoration. Professional patio and driveway cleaning with pressure washing services. We come to you in North Berwick and the surrounding areas. Get a free quote.","211","1334","","0","Driveway Cleaning North Berwick","31","Driveway cleaning in North Berwick","34","Why Choose Our Driveway Cleaning?","33","index, follow","","","https://edicleanexteriorcleaning.co.uk/north-berwick/driveway-cleaning/","","","","","","85391","15857","15857","6.075","","701","173","4.052","73.590","Fairly Easy","5.755","2","2","","3","2","0","1.070","77","41","0","6","3","0","","","","","c23fbfe88afe3eaddfe0b2cd5fe6569a","0.319","","","","","en","1.1","","","","","","https://edicleanexteriorcleaning.co.uk/north-berwick/driveway-cleaning/","2026-05-12 13:16:37"
"https://edicleanexteriorcleaning.co.uk/north-berwick/pvc-white-cleaning/","text/html; charset=UTF-8","200","OK","Indexable","","PVC White Cleaning North Berwick | Professional Exterior Cleaning | EdiClean Exterior Cleaning","94","835","PVC white cleaning specialists: PVC fascias, soffit and gutter cleaning. Professional fascia and soffit cleaning and PVC restoration. We come to you in North Berwick and the surrounding areas. Get a free quote.","210","1296","","0","PVC White Cleaning North Berwick","32","PVC cleaning in North Berwick","29","Why Choose Our PVC White Cleaning?","34","index, follow","","","https://edicleanexteriorcleaning.co.uk/north-berwick/pvc-white-cleaning/","","","","","","85389","15919","15919","6.098","","708","177","4.000","78.862","Fairly Easy","5.759","2","2","","3","2","0","1.070","77","41","0","6","3","0","","","","","86707368668c7824971ffb0e8da8b9cc","0.261","","","","","en","1.1","","","","","","https://edicleanexteriorcleaning.co.uk/north-berwick/pvc-white-cleaning/","2026-05-12 13:16:37"
"https://edicleanexteriorcleaning.co.uk/north-berwick/roof-steam-cleaning/","text/html; charset=UTF-8","200","OK","Indexable","","Roof Steam Cleaning North Berwick | Professional Exterior Cleaning | EdiClean Exterior Cleaning","95","843","Safe roof steam cleaning for homes and businesses across Edinburgh, Midlothian, East Lothian and West Lothian. Professional moss removal from roof and algae removal from roof tiles. Roof cleaning and moss treatment for lasting results. We come to you in North Berwick and the surrounding areas. Get a free quote.","312","1969","","0","Roof Steam Cleaning North Berwick","33","Roof steam cleaning in North Berwick","36","Why Choose Our Roof Steam Cleaning?","35","index, follow","","","https://edicleanexteriorcleaning.co.uk/north-berwick/roof-steam-cleaning/","","","","","","87315","16160","16160","6.191","","803","188","4.271","75.020","Fairly Easy","6.314","2","2","","3","2","0","1.070","77","41","0","6","3","0","","","","","a130ed00e65f5f15e722b175395e5721","0.288","","","","","en","1.1","","","","","","https://edicleanexteriorcleaning.co.uk/north-berwick/roof-steam-cleaning/","2026-05-12 13:16:37"
"https://edicleanexteriorcleaning.co.uk/morningside/pvc-white-cleaning/","text/html; charset=UTF-8","200","OK","Indexable","","PVC White Cleaning Morningside | Professional Exterior Cleaning | EdiClean Exterior Cleaning","92","820","PVC white cleaning specialists: PVC fascias, soffit and gutter cleaning. Professional fascia and soffit cleaning and PVC restoration. We come to you in Morningside and the surrounding areas. Get a free quote.","208","1286","","0","PVC White Cleaning Morningside","30","Fascias and soffits in Morningside","34","Why Choose Our PVC White Cleaning?","34","index, follow","","","https://edicleanexteriorcleaning.co.uk/morningside/pvc-white-cleaning/","","","","","","85359","15897","15897","6.090","","702","177","3.966","78.079","Fairly Easy","5.754","2","2","","3","2","0","1.070","77","41","0","6","3","0","","","","","2d602c78bc2ec7f0774676e03d64a458","0.267","","","","","en","1.1","","","","","","https://edicleanexteriorcleaning.co.uk/morningside/pvc-white-cleaning/","2026-05-12 13:16:37"
"https://edicleanexteriorcleaning.co.uk/morningside/window-cleaning/","text/html; charset=UTF-8","200","OK","Indexable","","Window Cleaning Morningside | Professional Exterior Cleaning | EdiClean Exterior Cleaning","89","797","Residential and commercial window cleaning. Professional window washing for sparkling results every time. We come to you in Morningside and the surrounding areas. Get a free quote.","180","1147","","0","Window Cleaning Morningside","27","Morningside window cleaning","27","Why Choose Our Window Cleaning?","31","index, follow","","","https://edicleanexteriorcleaning.co.uk/morningside/window-cleaning/","","","","","","85083","15846","15846","6.070","","679","169","4.018","72.929","Fairly Easy","5.603","2","2","","3","2","0","1.070","77","41","0","6","3","0","","","","","d5feb256ffa67d951bd267c8a663d253","0.272","","","","","en","1.1","","","","","","https://edicleanexteriorcleaning.co.uk/morningside/window-cleaning/","2026-05-12 13:16:37"
"https://edicleanexteriorcleaning.co.uk/north-berwick/gutter-cleaning/","text/html; charset=UTF-8","200","OK","Indexable","","Gutter Cleaning North Berwick | Professional Exterior Cleaning | EdiClean Exterior Cleaning","91","795","Gutter cleaning and gutter maintenance across Edinburgh, Midlothian, East Lothian and West Lothian. Expert gutter clearing service and gutter inspection and cleaning. We come to you in North Berwick and the surrounding areas. Get a free quote.","243","1522","","0","Gutter Cleaning North Berwick","29","Clear gutters in and around North Berwick","41","Why Choose Our Gutter Cleaning?","31","index, follow","","","https://edicleanexteriorcleaning.co.uk/north-berwick/gutter-cleaning/","","","","","","85446","15974","15974","6.119","","704","173","4.069","74.603","Fairly Easy","5.745","2","2","","3","2","0","1.070","77","41","0","6","3","0","","","","","b10333c4efbd63e6aa9815dc6724ac08","0.277","","","","","en","1.1","","","","","","https://edicleanexteriorcleaning.co.uk/north-berwick/gutter-cleaning/","2026-05-12 13:16:37"
"https://edicleanexteriorcleaning.co.uk/morningside/render-softwashing/","text/html; charset=UTF-8","200","OK","Indexable","","Render Softwashing Morningside | Professional Exterior Cleaning | EdiClean Exterior Cleaning","92","821","Render softwashing specialists providing professional render cleaning and softwash render cleaning. Expert stain removal from render surfaces without damage. We come to you in Morningside and the surrounding areas. Get a free quote.","232","1474","","0","Render Softwashing Morningside","30","Morningside render cleaning","27","Why Choose Our Render Softwashing?","34","index, follow","","","https://edicleanexteriorcleaning.co.uk/morningside/render-softwashing/","","","","","","85552","15939","15939","6.106","","698","178","3.921","69.895","Normal","5.867","2","2","","3","2","0","1.070","77","41","0","6","3","0","","","","","f87f4299a37293e2381ae14c58f603cb","0.297","","","","","en","1.1","","","","","","https://edicleanexteriorcleaning.co.uk/morningside/render-softwashing/","2026-05-12 13:16:37"
"https://edicleanexteriorcleaning.co.uk/morningside/driveway-cleaning/","text/html; charset=UTF-8","200","OK","Indexable","","Driveway Cleaning Morningside | Professional Exterior Cleaning | EdiClean Exterior Cleaning","91","806","Driveway cleaning, pressure washing and driveway restoration. Professional patio and driveway cleaning with pressure washing services. We come to you in Morningside and the surrounding areas. Get a free quote.","209","1324","","0","Driveway Cleaning Morningside","29","Pressure washing driveways in Morningside","41","Why Choose Our Driveway Cleaning?","33","index, follow","","","https://edicleanexteriorcleaning.co.uk/morningside/driveway-cleaning/","","","","","","85291","15881","15881","6.084","","697","172","4.052","74.426","Fairly Easy","5.718","2","2","","3","2","0","1.070","77","41","0","6","3","0","","","","","a8036c60c0a8a295721c059aeabebe61","0.349","","","","","en","1.1","","","","","","https://edicleanexteriorcleaning.co.uk/morningside/driveway-cleaning/","2026-05-12 13:16:37"
"https://edicleanexteriorcleaning.co.uk/morningside/roof-steam-cleaning/","text/html; charset=UTF-8","200","OK","Indexable","","Roof Steam Cleaning Morningside | Professional Exterior Cleaning | EdiClean Exterior Cleaning","93","829","Safe roof steam cleaning for homes and businesses across Edinburgh, Midlothian, East Lothian and West Lothian. Professional moss removal from roof and algae removal from roof tiles. Roof cleaning and moss treatment for lasting results. We come to you in Morningside and the surrounding areas. Get a free quote.","310","1959","","0","Roof Steam Cleaning Morningside","31","Moss and algae removal in Morningside","37","Why Choose Our Roof Steam Cleaning?","35","index, follow","","","https://edicleanexteriorcleaning.co.uk/morningside/roof-steam-cleaning/","","","","","","87004","16104","16104","6.169","","769","186","4.134","72.933","Fairly Easy","6.170","2","2","","3","2","0","1.070","77","41","0","6","3","0","","","","","d18578675e7b98f803132927d94eca58","0.250","","","","","en","1.1","","","","","","https://edicleanexteriorcleaning.co.uk/morningside/roof-steam-cleaning/","2026-05-12 13:16:37"
"https://edicleanexteriorcleaning.co.uk/morningside/gutter-cleaning/","text/html; charset=UTF-8","200","OK","Indexable","","Gutter Cleaning Morningside | Professional Exterior Cleaning | EdiClean Exterior Cleaning","89","781","Gutter cleaning and gutter maintenance across Edinburgh, Midlothian, East Lothian and West Lothian. Expert gutter clearing service and gutter inspection and cleaning. We come to you in Morningside and the surrounding areas. Get a free quote.","241","1512","","0","Gutter Cleaning Morningside","27","Morningside gutter clearing","27","Why Choose Our Gutter Cleaning?","31","index, follow","","","https://edicleanexteriorcleaning.co.uk/morningside/gutter-cleaning/","","","","","","85431","15998","15998","6.129","","699","173","4.040","73.958","Fairly Easy","5.749","2","2","","3","2","0","1.070","77","41","0","6","3","0","","","","","e1141aac9f04070ac0cec4fe1237eda4","0.371","","","","","en","1.1","","","","","","https://edicleanexteriorcleaning.co.uk/morningside/gutter-cleaning/","2026-05-12 13:16:37"
"https://edicleanexteriorcleaning.co.uk/balerno/gutter-cleaning/","text/html; charset=UTF-8","200","OK","Indexable","","Gutter Cleaning Balerno | Professional Exterior Cleaning | EdiClean Exterior Cleaning","85","738","Gutter cleaning and gutter maintenance across Edinburgh, Midlothian, East Lothian and West Lothian. Expert gutter clearing service and gutter inspection and cleaning. We come to you in Balerno and the surrounding areas. Get a free quote.","237","1481","","0","Gutter Cleaning Balerno","23","Clear gutters in and around Balerno","35","Why Choose Our Gutter Cleaning?","31","index, follow","","","https://edicleanexteriorcleaning.co.uk/balerno/gutter-cleaning/","","","","","","85251","15900","15900","6.091","","699","172","4.064","73.571","Fairly Easy","5.704","2","2","","3","2","0","1.070","77","41","0","6","3","0","","","","","c0ee686b51fc31f39b6629b3530d62e0","0.272","","","","","en","1.1","","","","","","https://edicleanexteriorcleaning.co.uk/balerno/gutter-cleaning/","2026-05-12 13:16:38"
"https://edicleanexteriorcleaning.co.uk/balerno/driveway-cleaning/","text/html; charset=UTF-8","200","OK","Indexable","","Driveway Cleaning Balerno | Professional Exterior Cleaning | EdiClean Exterior Cleaning","87","763","Driveway cleaning, pressure washing and driveway restoration. Professional patio and driveway cleaning with pressure washing services. We come to you in Balerno and the surrounding areas. Get a free quote.","205","1293","","0","Driveway Cleaning Balerno","25","Driveway cleaning in Balerno","28","Why Choose Our Driveway Cleaning?","33","index, follow","","","https://edicleanexteriorcleaning.co.uk/balerno/driveway-cleaning/","","","","","","85197","15857","15857","6.075","","696","173","4.023","72.570","Fairly Easy","5.714","2","2","","3","2","0","1.070","77","41","0","6","3","0","","","","","7b4e64c384f7a2d6ad755846986deb45","0.277","","","","","en","1.1","","","","","","https://edicleanexteriorcleaning.co.uk/balerno/driveway-cleaning/","2026-05-12 13:16:38"
"https://edicleanexteriorcleaning.co.uk/balerno/render-softwashing/","text/html; charset=UTF-8","200","OK","Indexable","","Render Softwashing Balerno | Professional Exterior Cleaning | EdiClean Exterior Cleaning","88","779","Render softwashing specialists providing professional render cleaning and softwash render cleaning. Expert stain removal from render surfaces without damage. We come to you in Balerno and the surrounding areas. Get a free quote.","228","1443","","0","Render Softwashing Balerno","26","Render cleaning in Balerno","26","Why Choose Our Render Softwashing?","34","index, follow","","","https://edicleanexteriorcleaning.co.uk/balerno/render-softwashing/","","","","","","85411","16001","16001","6.130","","704","178","3.955","70.393","Fairly Easy","5.840","2","2","","3","2","0","1.070","77","41","0","6","3","0","","","","","1afe74366f82a65995696a0008350d98","0.406","","","","","en","1.1","","","","","","https://edicleanexteriorcleaning.co.uk/balerno/render-softwashing/","2026-05-12 13:16:38"
"https://edicleanexteriorcleaning.co.uk/balerno/window-cleaning/","text/html; charset=UTF-8","200","OK","Indexable","","Window Cleaning Balerno | Professional Exterior Cleaning | EdiClean Exterior Cleaning","85","755","Residential and commercial window cleaning. Professional window washing for sparkling results every time. We come to you in Balerno and the surrounding areas. Get a free quote.","176","1116","","0","Window Cleaning Balerno","23","Window cleaning in Balerno","26","Why Choose Our Window Cleaning?","31","index, follow","","","https://edicleanexteriorcleaning.co.uk/balerno/window-cleaning/","","","","","","84900","15479","15479","5.930","","681","168","4.054","73.398","Fairly Easy","5.558","2","2","","3","2","0","1.070","77","41","0","6","3","0","","","","","cbeea5b9bc0f2fcb8bed16e451f65cdb","0.285","","","","","en","1.1","","","","","","https://edicleanexteriorcleaning.co.uk/balerno/window-cleaning/","2026-05-12 13:16:38"
"https://edicleanexteriorcleaning.co.uk/balerno/roof-steam-cleaning/","text/html; charset=UTF-8","200","OK","Indexable","","Roof Steam Cleaning Balerno | Professional Exterior Cleaning | EdiClean Exterior Cleaning","89","786","Safe roof steam cleaning for homes and businesses across Edinburgh, Midlothian, East Lothian and West Lothian. Professional moss removal from roof and algae removal from roof tiles. Roof cleaning and moss treatment for lasting results. We come to you in Balerno and the surrounding areas. Get a free quote.","306","1929","","0","Roof Steam Cleaning Balerno","27","Roof steam cleaning in Balerno","30","Why Choose Our Roof Steam Cleaning?","35","index, follow","","","https://edicleanexteriorcleaning.co.uk/balerno/roof-steam-cleaning/","","","","","","87119","16097","16097","6.166","","798","187","4.267","74.119","Fairly Easy","6.275","2","2","","3","2","0","1.070","77","41","0","6","3","0","","","","","36e075a1da22c2b64e9ea77b2b84b1f5","0.255","","","","","en","1.1","","","","","","https://edicleanexteriorcleaning.co.uk/balerno/roof-steam-cleaning/","2026-05-12 13:16:38"
"https://edicleanexteriorcleaning.co.uk/balerno/pvc-white-cleaning/","text/html; charset=UTF-8","200","OK","Indexable","","PVC White Cleaning Balerno | Professional Exterior Cleaning | EdiClean Exterior Cleaning","88","777","PVC white cleaning specialists: PVC fascias, soffit and gutter cleaning. Professional fascia and soffit cleaning and PVC restoration. We come to you in Balerno and the surrounding areas. Get a free quote.","204","1255","","0","PVC White Cleaning Balerno","26","Balerno fascia and soffit cleaning","34","Why Choose Our PVC White Cleaning?","34","index, follow","","","https://edicleanexteriorcleaning.co.uk/balerno/pvc-white-cleaning/","","","","","","85192","15974","15974","6.119","","704","176","4.000","78.038","Fairly Easy","5.719","2","2","","3","2","0","1.070","77","41","0","6","3","0","","","","","89606587fe78072b22abc805100c1454","0.252","","","","","en","1.1","","","","","","https://edicleanexteriorcleaning.co.uk/balerno/pvc-white-cleaning/","2026-05-12 13:16:38"
"https://edicleanexteriorcleaning.co.uk/livingston/driveway-cleaning/","text/html; charset=UTF-8","200","OK","Indexable","","Driveway Cleaning Livingston | Professional Exterior Cleaning | EdiClean Exterior Cleaning","90","787","Driveway cleaning, pressure washing and driveway restoration. Professional patio and driveway cleaning with pressure washing services. We come to you in Livingston and the surrounding areas. Get a free quote.","208","1311","","0","Driveway Cleaning Livingston","28","Driveway cleaning in Livingston","31","Why Choose Our Driveway Cleaning?","33","index, follow","","","https://edicleanexteriorcleaning.co.uk/livingston/driveway-cleaning/","","","","","","85297","15887","15887","6.086","","693","173","4.006","72.512","Fairly Easy","5.733","2","2","","3","2","0","1.070","77","41","0","6","3","0","","","","","d8d4ad1e8e88c1f76d61535ecd59db97","0.313","","","","","en","1.1","","","","","","https://edicleanexteriorcleaning.co.uk/livingston/driveway-cleaning/","2026-05-12 13:16:38"
"https://edicleanexteriorcleaning.co.uk/livingston/roof-steam-cleaning/","text/html; charset=UTF-8","200","OK","Indexable","","Roof Steam Cleaning Livingston | Professional Exterior Cleaning | EdiClean Exterior Cleaning","92","810","Safe roof steam cleaning for homes and businesses across Edinburgh, Midlothian, East Lothian and West Lothian. Professional moss removal from roof and algae removal from roof tiles. Roof cleaning and moss treatment for lasting results. We come to you in Livingston and the surrounding areas. Get a free quote.","309","1946","","0","Roof Steam Cleaning Livingston","30","Livingston roof cleaning","24","Why Choose Our Roof Steam Cleaning?","35","index, follow","","","https://edicleanexteriorcleaning.co.uk/livingston/roof-steam-cleaning/","","","","","","86970","16078","16078","6.159","","769","186","4.134","72.163","Fairly Easy","6.171","2","2","","3","2","0","1.070","77","41","0","6","3","0","","","","","a1faf4870cefe9befbb290d85faf45a","0.321","","","","","en","1.1","","","","","","https://edicleanexteriorcleaning.co.uk/livingston/roof-steam-cleaning/","2026-05-12 13:16:38"
"https://edicleanexteriorcleaning.co.uk/livingston/gutter-cleaning/","text/html; charset=UTF-8","200","OK","Indexable","","Gutter Cleaning Livingston | Professional Exterior Cleaning | EdiClean Exterior Cleaning","88","762","Gutter cleaning and gutter maintenance across Edinburgh, Midlothian, East Lothian and West Lothian. Expert gutter clearing service and gutter inspection and cleaning. We come to you in Livingston and the surrounding areas. Get a free quote.","240","1499","","0","Gutter Cleaning Livingston","26","Gutter cleaning in Livingston","29","Why Choose Our Gutter Cleaning?","31","index, follow","","","https://edicleanexteriorcleaning.co.uk/livingston/gutter-cleaning/","","","","","","85427","15975","15975","6.120","","701","174","4.029","73.855","Fairly Easy","5.752","2","2","","3","2","0","1.070","77","41","0","6","3","0","","","","","29a759b7193eeaaa28f8027b806b52cb","0.288","","","","","en","1.1","","","","","","https://edicleanexteriorcleaning.co.uk/livingston/gutter-cleaning/","2026-05-12 13:16:38"
"https://edicleanexteriorcleaning.co.uk/livingston/pvc-white-cleaning/","text/html; charset=UTF-8","200","OK","Indexable","","PVC White Cleaning Livingston | Professional Exterior Cleaning | EdiClean Exterior Cleaning","91","801","PVC white cleaning specialists: PVC fascias, soffit and gutter cleaning. Professional fascia and soffit cleaning and PVC restoration. We come to you in Livingston and the surrounding areas. Get a free quote.","207","1273","","0","PVC White Cleaning Livingston","29","PVC cleaning in Livingston","26","Why Choose Our PVC White Cleaning?","34","index, follow","","","https://edicleanexteriorcleaning.co.uk/livingston/pvc-white-cleaning/","","","","","","85298","15915","15915","6.097","","700","177","3.955","77.734","Fairly Easy","5.737","2","2","","3","2","0","1.070","77","41","0","6","3","0","","","","","7dafea349e12671bfb17739d93ddc774","0.281","","","","","en","1.1","","","","","","https://edicleanexteriorcleaning.co.uk/livingston/pvc-white-cleaning/","2026-05-12 13:16:38"
"https://edicleanexteriorcleaning.co.uk/livingston/render-softwashing/","text/html; charset=UTF-8","200","OK","Indexable","","Render Softwashing Livingston | Professional Exterior Cleaning | EdiClean Exterior Cleaning","91","803","Render softwashing specialists providing professional render cleaning and softwash render cleaning. Expert stain removal from render surfaces without damage. We come to you in Livingston and the surrounding areas. Get a free quote.","231","1461","","0","Render Softwashing Livingston","29","Livingston render cleaning","26","Why Choose Our Render Softwashing?","34","index, follow","","","https://edicleanexteriorcleaning.co.uk/livingston/render-softwashing/","","","","","","85489","15960","15960","6.114","","698","178","3.921","69.773","Normal","5.849","2","2","","3","2","0","1.070","77","41","0","6","3","0","","","","","a983b33ff9230fb0470f806ecb70120","0.247","","","","","en","1.1","","","","","","https://edicleanexteriorcleaning.co.uk/livingston/render-softwashing/","2026-05-12 13:16:39"
"https://edicleanexteriorcleaning.co.uk/livingston/window-cleaning/","text/html; charset=UTF-8","200","OK","Indexable","","Window Cleaning Livingston | Professional Exterior Cleaning | EdiClean Exterior Cleaning","88","779","Residential and commercial window cleaning. Professional window washing for sparkling results every time. We come to you in Livingston and the surrounding areas. Get a free quote.","179","1133","","0","Window Cleaning Livingston","26","Window cleaning in Livingston","29","Why Choose Our Window Cleaning?","31","index, follow","","","https://edicleanexteriorcleaning.co.uk/livingston/window-cleaning/","","","","","","85004","15815","15815","6.058","","678","169","4.012","73.367","Fairly Easy","5.577","2","2","","3","2","0","1.070","77","41","0","6","3","0","","","","","30c25f32fbab9af4f8d3b299d7d8cdf9","0.256","","","","","en","1.1","","","","","","https://edicleanexteriorcleaning.co.uk/livingston/window-cleaning/","2026-05-12 13:16:38"
"https://edicleanexteriorcleaning.co.uk/portfolio/pressure-washing.jpg","image/jpeg","200","OK","Indexable","","","0","0","","0","0","","0","","0","","0","","0","","","","","","","","","","442068","442068","442068","169.348","","0","","","","","0.000","2","1","","0","0","0","0.000","0","0","0","0","0","0","","","","","","0.315","","","","","","1.1","","","","","","https://edicleanexteriorcleaning.co.uk/portfolio/pressure-washing.jpg","2026-05-12 13:16:39"
"https://edicleanexteriorcleaning.co.uk/portfolio/pexels-revive-wash-2157256303-35153375%20(1).jpg","image/jpeg","200","OK","Indexable","","","0","0","","0","0","","0","","0","","0","","0","","","","","","","","","","824906","824906","824906","316.006","","0","","","","","0.000","2","1","","0","0","0","0.000","0","0","0","0","0","0","","","","","","0.370","","","","","","1.1","","","","","","https://edicleanexteriorcleaning.co.uk/portfolio/pexels-revive-wash-2157256303-35153375%20(1).jpg","2026-05-12 13:16:39"
"https://edicleanexteriorcleaning.co.uk/portfolio/beforeafter.jpg","image/jpeg","200","OK","Indexable","","","0","0","","0","0","","0","","0","","0","","0","","","","","","","","","","576469","576469","576469","220.834","","0","","","","","0.000","2","1","","0","0","0","0.000","0","0","0","0","0","0","","","","","","0.430","","","","","","1.1","","","","","","https://edicleanexteriorcleaning.co.uk/portfolio/beforeafter.jpg","2026-05-12 13:16:39"
"https://edicleanexteriorcleaning.co.uk/kirkliston/pvc-white-cleaning/","text/html; charset=UTF-8","200","OK","Indexable","","PVC White Cleaning Kirkliston | Professional Exterior Cleaning | EdiClean Exterior Cleaning","91","792","PVC white cleaning specialists: PVC fascias, soffit and gutter cleaning. Professional fascia and soffit cleaning and PVC restoration. We come to you in Kirkliston and the surrounding areas. Get a free quote.","207","1267","","0","PVC White Cleaning Kirkliston","29","Kirkliston fascia and soffit cleaning","37","Why Choose Our PVC White Cleaning?","34","index, follow","","","https://edicleanexteriorcleaning.co.uk/kirkliston/pvc-white-cleaning/","","","","","","85323","15914","15914","6.096","","704","177","3.977","78.181","Fairly Easy","5.752","2","2","","3","2","0","1.070","77","41","0","6","3","0","","","","","8d6432d558fbc35f187f87b3f965b414","0.295","","","","","en","1.1","","","","","","https://edicleanexteriorcleaning.co.uk/kirkliston/pvc-white-cleaning/","2026-05-12 13:16:39"
"https://edicleanexteriorcleaning.co.uk/kirkliston/render-softwashing/","text/html; charset=UTF-8","200","OK","Indexable","","Render Softwashing Kirkliston | Professional Exterior Cleaning | EdiClean Exterior Cleaning","91","793","Render softwashing specialists providing professional render cleaning and softwash render cleaning. Expert stain removal from render surfaces without damage. We come to you in Kirkliston and the surrounding areas. Get a free quote.","231","1455","","0","Render Softwashing Kirkliston","29","Render cleaning in Kirkliston","29","Why Choose Our Render Softwashing?","34","index, follow","","","https://edicleanexteriorcleaning.co.uk/kirkliston/render-softwashing/","","","","","","85544","15948","15948","6.109","","704","179","3.933","70.415","Fairly Easy","5.873","2","2","","3","2","0","1.070","77","41","0","6","3","0","","","","","f6bb6078bb8b732b0b09e12ae979fb24","0.252","","","","","en","1.1","","","","","","https://edicleanexteriorcleaning.co.uk/kirkliston/render-softwashing/","2026-05-12 13:16:39"
"https://edicleanexteriorcleaning.co.uk/kirkliston/roof-steam-cleaning/","text/html; charset=UTF-8","200","OK","Indexable","","Roof Steam Cleaning Kirkliston | Professional Exterior Cleaning | EdiClean Exterior Cleaning","92","801","Safe roof steam cleaning for homes and businesses across Edinburgh, Midlothian, East Lothian and West Lothian. Professional moss removal from roof and algae removal from roof tiles. Roof cleaning and moss treatment for lasting results. We come to you in Kirkliston and the surrounding areas. Get a free quote.","309","1940","","0","Roof Steam Cleaning Kirkliston","30","Moss and algae removal in Kirkliston","36","Why Choose Our Roof Steam Cleaning?","35","index, follow","","","https://edicleanexteriorcleaning.co.uk/kirkliston/roof-steam-cleaning/","","","","","","86965","16086","16086","6.162","","772","186","4.151","73.202","Fairly Easy","6.167","2","2","","3","2","0","1.070","77","41","0","6","3","0","","","","","2db883258a2cfba12dadce4cb2b46c5e","0.373","","","","","en","1.1","","","","","","https://edicleanexteriorcleaning.co.uk/kirkliston/roof-steam-cleaning/","2026-05-12 13:16:39"
"https://edicleanexteriorcleaning.co.uk/kirkliston/driveway-cleaning/","text/html; charset=UTF-8","200","OK","Indexable","","Driveway Cleaning Kirkliston | Professional Exterior Cleaning | EdiClean Exterior Cleaning","90","778","Driveway cleaning, pressure washing and driveway restoration. Professional patio and driveway cleaning with pressure washing services. We come to you in Kirkliston and the surrounding areas. Get a free quote.","208","1305","","0","Driveway Cleaning Kirkliston","28","Driveway cleaning in Kirkliston","31","Why Choose Our Driveway Cleaning?","33","index, follow","","","https://edicleanexteriorcleaning.co.uk/kirkliston/driveway-cleaning/","","","","","","85331","15872","15872","6.080","","696","173","4.023","72.691","Fairly Easy","5.747","2","2","","3","2","0","1.070","77","41","0","6","3","0","","","","","4987d3f7cb88035345102a6d7e4119a5","0.371","","","","","en","1.1","","","","","","https://edicleanexteriorcleaning.co.uk/kirkliston/driveway-cleaning/","2026-05-12 13:16:39"
"https://edicleanexteriorcleaning.co.uk/kirkliston/window-cleaning/","text/html; charset=UTF-8","200","OK","Indexable","","Window Cleaning Kirkliston | Professional Exterior Cleaning | EdiClean Exterior Cleaning","88","769","Residential and commercial window cleaning. Professional window washing for sparkling results every time. We come to you in Kirkliston and the surrounding areas. Get a free quote.","179","1127","","0","Window Cleaning Kirkliston","26","Kirkliston window cleaning","26","Why Choose Our Window Cleaning?","31","index, follow","","","https://edicleanexteriorcleaning.co.uk/kirkliston/window-cleaning/","","","","","","85048","15861","15861","6.076","","682","169","4.036","73.110","Fairly Easy","5.599","2","2","","3","2","0","1.070","77","41","0","6","3","0","","","","","bee1c8e789fa0901ddb9c1c55d4ceb12","0.394","","","","","en","1.1","","","","","","https://edicleanexteriorcleaning.co.uk/kirkliston/window-cleaning/","2026-05-12 13:16:39"
"https://edicleanexteriorcleaning.co.uk/blackhall/window-cleaning/","text/html; charset=UTF-8","200","OK","Indexable","","Window Cleaning Blackhall | Professional Exterior Cleaning | EdiClean Exterior Cleaning","87","767","Residential and commercial window cleaning. Professional window washing for sparkling results every time. We come to you in Blackhall and the surrounding areas. Get a free quote.","178","1125","","0","Window Cleaning Blackhall","25","Window cleaning in Blackhall","28","Why Choose Our Window Cleaning?","31","index, follow","","","https://edicleanexteriorcleaning.co.uk/blackhall/window-cleaning/","","","","","","85033","15804","15804","6.054","","681","170","4.006","74.068","Fairly Easy","5.592","2","2","","3","2","0","1.070","77","41","0","6","3","0","","","","","a4a5e287b02b98812017925b48b30a84","0.252","","","","","en","1.1","","","","","","https://edicleanexteriorcleaning.co.uk/blackhall/window-cleaning/","2026-05-12 13:16:40"
"https://edicleanexteriorcleaning.co.uk/kirkliston/gutter-cleaning/","text/html; charset=UTF-8","200","OK","Indexable","","Gutter Cleaning Kirkliston | Professional Exterior Cleaning | EdiClean Exterior Cleaning","88","753","Gutter cleaning and gutter maintenance across Edinburgh, Midlothian, East Lothian and West Lothian. Expert gutter clearing service and gutter inspection and cleaning. We come to you in Kirkliston and the surrounding areas. Get a free quote.","240","1493","","0","Gutter Cleaning Kirkliston","26","Kirkliston gutter clearing","26","Why Choose Our Gutter Cleaning?","31","index, follow","","","https://edicleanexteriorcleaning.co.uk/kirkliston/gutter-cleaning/","","","","","","85398","15987","15987","6.124","","702","173","4.058","74.250","Fairly Easy","5.745","2","2","","3","2","0","1.070","77","41","0","6","3","0","","","","","a1917333fbe2416167015c593f16b315","0.507","","","","","en","1.1","","","","","","https://edicleanexteriorcleaning.co.uk/kirkliston/gutter-cleaning/","2026-05-12 13:16:40"
"https://edicleanexteriorcleaning.co.uk/blackhall/driveway-cleaning/","text/html; charset=UTF-8","200","OK","Indexable","","Driveway Cleaning Blackhall | Professional Exterior Cleaning | EdiClean Exterior Cleaning","89","775","Driveway cleaning, pressure washing and driveway restoration. Professional patio and driveway cleaning with pressure washing services. We come to you in Blackhall and the surrounding areas. Get a free quote.","207","1302","","0","Driveway Cleaning Blackhall","27","Driveway cleaning in Blackhall","30","Why Choose Our Driveway Cleaning?","33","index, follow","","","https://edicleanexteriorcleaning.co.uk/blackhall/driveway-cleaning/","","","","","","85325","15868","15868","6.079","","696","173","4.023","73.177","Fairly Easy","5.748","2","2","","3","2","0","1.070","77","41","0","6","3","0","","","","","ab24e1053861618d5b81a07f890ca808","0.347","","","","","en","1.1","","","","","","https://edicleanexteriorcleaning.co.uk/blackhall/driveway-cleaning/","2026-05-12 13:16:40"
"https://edicleanexteriorcleaning.co.uk/blackhall/render-softwashing/","text/html; charset=UTF-8","200","OK","Indexable","","Render Softwashing Blackhall | Professional Exterior Cleaning | EdiClean Exterior Cleaning","90","791","Render softwashing specialists providing professional render cleaning and softwash render cleaning. Expert stain removal from render surfaces without damage. We come to you in Blackhall and the surrounding areas. Get a free quote.","230","1452","","0","Render Softwashing Blackhall","28","Render cleaning in Blackhall","28","Why Choose Our Render Softwashing?","34","index, follow","","","https://edicleanexteriorcleaning.co.uk/blackhall/render-softwashing/","","","","","","85542","15941","15941","6.107","","704","179","3.933","70.896","Fairly Easy","5.873","2","2","","3","2","0","1.070","77","41","0","6","3","0","","","","","d7cb36cb03fc212d0256f7f0fd44df4d","0.321","","","","","en","1.1","","","","","","https://edicleanexteriorcleaning.co.uk/blackhall/render-softwashing/","2026-05-12 13:16:40"
"https://edicleanexteriorcleaning.co.uk/blackhall/roof-steam-cleaning/","text/html; charset=UTF-8","200","OK","Indexable","","Roof Steam Cleaning Blackhall | Professional Exterior Cleaning | EdiClean Exterior Cleaning","91","798","Safe roof steam cleaning for homes and businesses across Edinburgh, Midlothian, East Lothian and West Lothian. Professional moss removal from roof and algae removal from roof tiles. Roof cleaning and moss treatment for lasting results. We come to you in Blackhall and the surrounding areas. Get a free quote.","308","1937","","0","Roof Steam Cleaning Blackhall","29","Roof steam cleaning in Blackhall","32","Why Choose Our Roof Steam Cleaning?","35","index, follow","","","https://edicleanexteriorcleaning.co.uk/blackhall/roof-steam-cleaning/","","","","","","87248","16200","16200","6.206","","798","188","4.245","74.566","Fairly Easy","6.307","2","2","","3","2","0","1.070","77","41","0","6","3","0","","","","","d9d971b292947bd9a52969fed7c135fe","0.446","","","","","en","1.1","","","","","","https://edicleanexteriorcleaning.co.uk/blackhall/roof-steam-cleaning/","2026-05-12 13:16:40"
"https://edicleanexteriorcleaning.co.uk/blackhall/gutter-cleaning/","text/html; charset=UTF-8","200","OK","Indexable","","Gutter Cleaning Blackhall | Professional Exterior Cleaning | EdiClean Exterior Cleaning","87","750","Gutter cleaning and gutter maintenance across Edinburgh, Midlothian, East Lothian and West Lothian. Expert gutter clearing service and gutter inspection and cleaning. We come to you in Blackhall and the surrounding areas. Get a free quote.","239","1490","","0","Gutter Cleaning Blackhall","25","Gutter cleaning in Blackhall","28","Why Choose Our Gutter Cleaning?","31","index, follow","","","https://edicleanexteriorcleaning.co.uk/blackhall/gutter-cleaning/","","","","","","85453","15919","15919","6.098","","704","174","4.046","74.506","Fairly Easy","5.767","2","2","","3","2","0","1.070","77","41","0","6","3","0","","","","","bb72e4d97b2f3c13e36e34c86b1bfbc7","0.387","","","","","en","1.1","","","","","","https://edicleanexteriorcleaning.co.uk/blackhall/gutter-cleaning/","2026-05-12 13:16:40"
"https://edicleanexteriorcleaning.co.uk/blackhall/pvc-white-cleaning/","text/html; charset=UTF-8","200","OK","Indexable","","PVC White Cleaning Blackhall | Professional Exterior Cleaning | EdiClean Exterior Cleaning","90","789","PVC white cleaning specialists: PVC fascias, soffit and gutter cleaning. Professional fascia and soffit cleaning and PVC restoration. We come to you in Blackhall and the surrounding areas. Get a free quote.","206","1264","","0","PVC White Cleaning Blackhall","28","Blackhall fascia and soffit cleaning","36","Why Choose Our PVC White Cleaning?","34","index, follow","","","https://edicleanexteriorcleaning.co.uk/blackhall/pvc-white-cleaning/","","","","","","85323","15932","15932","6.103","","704","177","3.977","78.662","Fairly Easy","5.752","2","2","","3","2","0","1.070","77","41","0","6","3","0","","","","","23176a29b63ec3ed242930cef04e189e","0.264","","","","","en","1.1","","","","","","https://edicleanexteriorcleaning.co.uk/blackhall/pvc-white-cleaning/","2026-05-12 13:16:40"
"https://edicleanexteriorcleaning.co.uk/fairmilehead/roof-steam-cleaning/","text/html; charset=UTF-8","200","OK","Indexable","","Roof Steam Cleaning Fairmilehead | Professional Exterior Cleaning | EdiClean Exterior Cleaning","94","833","Safe roof steam cleaning for homes and businesses across Edinburgh, Midlothian, East Lothian and West Lothian. Professional moss removal from roof and algae removal from roof tiles. Roof cleaning and moss treatment for lasting results. We come to you in Fairmilehead and the surrounding areas. Get a free quote.","311","1961","","0","Roof Steam Cleaning Fairmilehead","32","Moss and algae removal in Fairmilehead","38","Why Choose Our Roof Steam Cleaning?","35","index, follow","","","https://edicleanexteriorcleaning.co.uk/fairmilehead/roof-steam-cleaning/","","","","","","87020","16101","16101","6.168","","769","186","4.134","71.833","Fairly Easy","6.176","2","2","","3","2","0","1.070","77","41","0","6","3","0","","","","","ee08fad5d7d29f2ccdb7fcad6bd1bca1","0.370","","","","","en","1.1","","","","","","https://edicleanexteriorcleaning.co.uk/fairmilehead/roof-steam-cleaning/","2026-05-12 13:16:40"
"https://edicleanexteriorcleaning.co.uk/fairmilehead/render-softwashing/","text/html; charset=UTF-8","200","OK","Indexable","","Render Softwashing Fairmilehead | Professional Exterior Cleaning | EdiClean Exterior Cleaning","93","825","Render softwashing specialists providing professional render cleaning and softwash render cleaning. Expert stain removal from render surfaces without damage. We come to you in Fairmilehead and the surrounding areas. Get a free quote.","233","1476","","0","Render Softwashing Fairmilehead","31","Render cleaning in Fairmilehead","31","Why Choose Our Render Softwashing?","34","index, follow","","","https://edicleanexteriorcleaning.co.uk/fairmilehead/render-softwashing/","","","","","","85597","15921","15921","6.099","","701","178","3.938","68.998","Normal","5.883","2","2","","3","2","0","1.070","77","41","0","6","3","0","","","","","efb8b69d5b6c1e21d3356d5fd5c03124","0.350","","","","","en","1.1","","","","","","https://edicleanexteriorcleaning.co.uk/fairmilehead/render-softwashing/","2026-05-12 13:16:41"
"https://edicleanexteriorcleaning.co.uk/fairmilehead/pvc-white-cleaning/","text/html; charset=UTF-8","200","OK","Indexable","","PVC White Cleaning Fairmilehead | Professional Exterior Cleaning | EdiClean Exterior Cleaning","93","824","PVC white cleaning specialists: PVC fascias, soffit and gutter cleaning. Professional fascia and soffit cleaning and PVC restoration. We come to you in Fairmilehead and the surrounding areas. Get a free quote.","209","1288","","0","PVC White Cleaning Fairmilehead","31","Fascias and soffits in Fairmilehead","35","Why Choose Our PVC White Cleaning?","34","index, follow","","","https://edicleanexteriorcleaning.co.uk/fairmilehead/pvc-white-cleaning/","","","","","","85379","16001","16001","6.130","","702","177","3.966","76.753","Fairly Easy","5.761","2","2","","3","2","0","1.070","77","41","0","6","3","0","","","","","7fbd99243c32e85f592e9a5b1583f925","0.256","","","","","en","1.1","","","","","","https://edicleanexteriorcleaning.co.uk/fairmilehead/pvc-white-cleaning/","2026-05-12 13:16:41"
"https://edicleanexteriorcleaning.co.uk/fairmilehead/driveway-cleaning/","text/html; charset=UTF-8","200","OK","Indexable","","Driveway Cleaning Fairmilehead | Professional Exterior Cleaning | EdiClean Exterior Cleaning","92","810","Driveway cleaning, pressure washing and driveway restoration. Professional patio and driveway cleaning with pressure washing services. We come to you in Fairmilehead and the surrounding areas. Get a free quote.","210","1326","","0","Driveway Cleaning Fairmilehead","30","Fairmilehead driveways—cleaned and restored","43","Why Choose Our Driveway Cleaning?","33","index, follow","","","https://edicleanexteriorcleaning.co.uk/fairmilehead/driveway-cleaning/","","","","","","85451","15867","15867","6.078","","704","174","4.046","72.944","Fairly Easy","5.792","2","2","","3","2","0","1.070","77","41","0","6","3","0","","","","","9a9c8bc5f4a9561674a5f8cbbc0f2a2a","0.260","","","","","en","1.1","","","","","","https://edicleanexteriorcleaning.co.uk/fairmilehead/driveway-cleaning/","2026-05-12 13:16:41"
"https://edicleanexteriorcleaning.co.uk/fairmilehead/window-cleaning/","text/html; charset=UTF-8","200","OK","Indexable","","Window Cleaning Fairmilehead | Professional Exterior Cleaning | EdiClean Exterior Cleaning","90","801","Residential and commercial window cleaning. Professional window washing for sparkling results every time. We come to you in Fairmilehead and the surrounding areas. Get a free quote.","181","1149","","0","Window Cleaning Fairmilehead","28","Window cleaning in Fairmilehead","31","Why Choose Our Window Cleaning?","31","index, follow","","","https://edicleanexteriorcleaning.co.uk/fairmilehead/window-cleaning/","","","","","","85084","15886","15886","6.086","","678","169","4.012","71.995","Fairly Easy","5.603","2","2","","3","2","0","1.070","77","41","0","6","3","0","","","","","336b4aeefc51278e545bd3a26e4feca2","0.390","","","","","en","1.1","","","","","","https://edicleanexteriorcleaning.co.uk/fairmilehead/window-cleaning/","2026-05-12 13:16:41"
"https://edicleanexteriorcleaning.co.uk/loanhead/gutter-cleaning/","text/html; charset=UTF-8","200","OK","Indexable","","Gutter Cleaning Loanhead | Professional Exterior Cleaning | EdiClean Exterior Cleaning","86","758","Gutter cleaning and gutter maintenance across Edinburgh, Midlothian, East Lothian and West Lothian. Expert gutter clearing service and gutter inspection and cleaning. We come to you in Loanhead and the surrounding areas. Get a free quote.","238","1495","","0","Gutter Cleaning Loanhead","24","Loanhead gutter clearing","24","Why Choose Our Gutter Cleaning?","31","index, follow","","","https://edicleanexteriorcleaning.co.uk/loanhead/gutter-cleaning/","","","","","","85286","15908","15908","6.094","","699","172","4.064","74.902","Fairly Easy","5.707","2","2","","3","2","0","1.070","77","41","0","6","3","0","","","","","addb866468e01459f09adc4cf31d326b","0.293","","","","","en","1.1","","","","","","https://edicleanexteriorcleaning.co.uk/loanhead/gutter-cleaning/","2026-05-12 13:16:41"
"https://edicleanexteriorcleaning.co.uk/fairmilehead/gutter-cleaning/","text/html; charset=UTF-8","200","OK","Indexable","","Gutter Cleaning Fairmilehead | Professional Exterior Cleaning | EdiClean Exterior Cleaning","90","785","Gutter cleaning and gutter maintenance across Edinburgh, Midlothian, East Lothian and West Lothian. Expert gutter clearing service and gutter inspection and cleaning. We come to you in Fairmilehead and the surrounding areas. Get a free quote.","242","1514","","0","Gutter Cleaning Fairmilehead","28","Clear gutters in and around Fairmilehead","40","Why Choose Our Gutter Cleaning?","31","index, follow","","","https://edicleanexteriorcleaning.co.uk/fairmilehead/gutter-cleaning/","","","","","","85437","15944","15944","6.108","","696","173","4.023","72.205","Fairly Easy","5.748","2","2","","3","2","0","1.070","77","41","0","6","3","0","","","","","24d33ca0891083bfff2d33aa6c65f6f3","0.306","","","","","en","1.1","","","","","","https://edicleanexteriorcleaning.co.uk/fairmilehead/gutter-cleaning/","2026-05-12 13:16:41"
"https://edicleanexteriorcleaning.co.uk/loanhead/pvc-white-cleaning/","text/html; charset=UTF-8","200","OK","Indexable","","PVC White Cleaning Loanhead | Professional Exterior Cleaning | EdiClean Exterior Cleaning","89","797","PVC white cleaning specialists: PVC fascias, soffit and gutter cleaning. Professional fascia and soffit cleaning and PVC restoration. We come to you in Loanhead and the surrounding areas. Get a free quote.","205","1269","","0","PVC White Cleaning Loanhead","27","Loanhead fascia and soffit cleaning","35","Why Choose Our PVC White Cleaning?","34","index, follow","","","https://edicleanexteriorcleaning.co.uk/loanhead/pvc-white-cleaning/","","","","","","85213","15942","15942","6.107","","701","176","3.983","78.849","Fairly Easy","5.714","2","2","","3","2","0","1.070","77","41","0","6","3","0","","","","","d8d7a32b323824d2fc6d4e75675481f4","0.281","","","","","en","1.1","","","","","","https://edicleanexteriorcleaning.co.uk/loanhead/pvc-white-cleaning/","2026-05-12 13:16:41"
"https://edicleanexteriorcleaning.co.uk/loanhead/roof-steam-cleaning/","text/html; charset=UTF-8","200","OK","Indexable","","Roof Steam Cleaning Loanhead | Professional Exterior Cleaning | EdiClean Exterior Cleaning","90","806","Safe roof steam cleaning for homes and businesses across Edinburgh, Midlothian, East Lothian and West Lothian. Professional moss removal from roof and algae removal from roof tiles. Roof cleaning and moss treatment for lasting results. We come to you in Loanhead and the surrounding areas. Get a free quote.","307","1943","","0","Roof Steam Cleaning Loanhead","28","Loanhead roof cleaning","22","Why Choose Our Roof Steam Cleaning?","35","index, follow","","","https://edicleanexteriorcleaning.co.uk/loanhead/roof-steam-cleaning/","","","","","","86885","16076","16076","6.158","","769","186","4.134","72.933","Fairly Easy","6.148","2","2","","3","2","0","1.070","77","41","0","6","3","0","","","","","48818fe539445bdf268f0a73dbd843b2","0.280","","","","","en","1.1","","","","","","https://edicleanexteriorcleaning.co.uk/loanhead/roof-steam-cleaning/","2026-05-12 13:16:41"
"https://edicleanexteriorcleaning.co.uk/loanhead/driveway-cleaning/","text/html; charset=UTF-8","200","OK","Indexable","","Driveway Cleaning Loanhead | Professional Exterior Cleaning | EdiClean Exterior Cleaning","88","783","Driveway cleaning, pressure washing and driveway restoration. Professional patio and driveway cleaning with pressure washing services. We come to you in Loanhead and the surrounding areas. Get a free quote.","206","1307","","0","Driveway Cleaning Loanhead","26","Driveway cleaning in Loanhead","29","Why Choose Our Driveway Cleaning?","33","index, follow","","","https://edicleanexteriorcleaning.co.uk/loanhead/driveway-cleaning/","","","","","","85212","15938","15938","6.106","","693","173","4.006","73.367","Fairly Easy","5.709","2","2","","3","2","0","1.070","77","41","0","6","3","0","","","","","fe0bf03d3bcb20454c76d25504a094c3","0.354","","","","","en","1.1","","","","","","https://edicleanexteriorcleaning.co.uk/loanhead/driveway-cleaning/","2026-05-12 13:16:41"
"https://edicleanexteriorcleaning.co.uk/loanhead/render-softwashing/","text/html; charset=UTF-8","200","OK","Indexable","","Render Softwashing Loanhead | Professional Exterior Cleaning | EdiClean Exterior Cleaning","89","799","Render softwashing specialists providing professional render cleaning and softwash render cleaning. Expert stain removal from render surfaces without damage. We come to you in Loanhead and the surrounding areas. Get a free quote.","229","1457","","0","Render Softwashing Loanhead","27","Render cleaning in Loanhead","27","Why Choose Our Render Softwashing?","34","index, follow","","","https://edicleanexteriorcleaning.co.uk/loanhead/render-softwashing/","","","","","","85430","15933","15933","6.104","","701","178","3.938","71.050","Fairly Easy","5.835","2","2","","3","2","0","1.070","77","41","0","6","3","0","","","","","d7600f4fedb30133d52f4885fc012e42","0.273","","","","","en","1.1","","","","","","https://edicleanexteriorcleaning.co.uk/loanhead/render-softwashing/","2026-05-12 13:16:42"
"https://edicleanexteriorcleaning.co.uk/loanhead/window-cleaning/","text/html; charset=UTF-8","200","OK","Indexable","","Window Cleaning Loanhead | Professional Exterior Cleaning | EdiClean Exterior Cleaning","86","775","Residential and commercial window cleaning. Professional window washing for sparkling results every time. We come to you in Loanhead and the surrounding areas. Get a free quote.","177","1130","","0","Window Cleaning Loanhead","24","Loanhead window cleaning","24","Why Choose Our Window Cleaning?","31","index, follow","","","https://edicleanexteriorcleaning.co.uk/loanhead/window-cleaning/","","","","","","84935","15544","15544","5.955","","679","169","4.018","73.801","Fairly Easy","5.561","2","2","","3","2","0","1.070","77","41","0","6","3","0","","","","","101b30e36517ec5a23571423c08b502f","0.270","","","","","en","1.1","","","","","","https://edicleanexteriorcleaning.co.uk/loanhead/window-cleaning/","2026-05-12 13:16:42"
"https://edicleanexteriorcleaning.co.uk/bonnyrigg/window-cleaning/","text/html; charset=UTF-8","200","OK","Indexable","","Window Cleaning Bonnyrigg | Professional Exterior Cleaning | EdiClean Exterior Cleaning","87","777","Residential and commercial window cleaning. Professional window washing for sparkling results every time. We come to you in Bonnyrigg and the surrounding areas. Get a free quote.","178","1132","","0","Window Cleaning Bonnyrigg","25","Bonnyrigg window cleaning","25","Why Choose Our Window Cleaning?","31","index, follow","","","https://edicleanexteriorcleaning.co.uk/bonnyrigg/window-cleaning/","","","","","","84976","15865","15865","6.078","","679","169","4.018","73.178","Fairly Easy","5.572","2","2","","3","2","0","1.070","77","41","0","6","3","0","","","","","bc35e2d64ecd8c6192079304bc0ab248","0.257","","","","","en","1.1","","","","","","https://edicleanexteriorcleaning.co.uk/bonnyrigg/window-cleaning/","2026-05-12 13:16:42"
"https://edicleanexteriorcleaning.co.uk/bonnyrigg/roof-steam-cleaning/","text/html; charset=UTF-8","200","OK","Indexable","","Roof Steam Cleaning Bonnyrigg | Professional Exterior Cleaning | EdiClean Exterior Cleaning","91","808","Safe roof steam cleaning for homes and businesses across Edinburgh, Midlothian, East Lothian and West Lothian. Professional moss removal from roof and algae removal from roof tiles. Roof cleaning and moss treatment for lasting results. We come to you in Bonnyrigg and the surrounding areas. Get a free quote.","308","1945","","0","Roof Steam Cleaning Bonnyrigg","29","Bonnyrigg roof cleaning","23","Why Choose Our Roof Steam Cleaning?","35","index, follow","","","https://edicleanexteriorcleaning.co.uk/bonnyrigg/roof-steam-cleaning/","","","","","","86926","16075","16075","6.158","","769","186","4.134","72.383","Fairly Easy","6.159","2","2","","3","2","0","1.070","77","41","0","6","3","0","","","","","e6bc74f2a175fcd07fc0c725a32b389c","0.265","","","","","en","1.1","","","","","","https://edicleanexteriorcleaning.co.uk/bonnyrigg/roof-steam-cleaning/","2026-05-12 13:16:42"
"https://edicleanexteriorcleaning.co.uk/bonnyrigg/driveway-cleaning/","text/html; charset=UTF-8","200","OK","Indexable","","Driveway Cleaning Bonnyrigg | Professional Exterior Cleaning | EdiClean Exterior Cleaning","89","785","Driveway cleaning, pressure washing and driveway restoration. Professional patio and driveway cleaning with pressure washing services. We come to you in Bonnyrigg and the surrounding areas. Get a free quote.","207","1309","","0","Driveway Cleaning Bonnyrigg","27","Bonnyrigg driveways—cleaned and restored","40","Why Choose Our Driveway Cleaning?","33","index, follow","","","https://edicleanexteriorcleaning.co.uk/bonnyrigg/driveway-cleaning/","","","","","","85327","15905","15905","6.093","","704","174","4.046","74.386","Fairly Easy","5.755","2","2","","3","2","0","1.070","77","41","0","6","3","0","","","","","ff289934f47c56b993f0b4f9457fa97d","0.243","","","","","en","1.1","","","","","","https://edicleanexteriorcleaning.co.uk/bonnyrigg/driveway-cleaning/","2026-05-12 13:16:42"
"https://edicleanexteriorcleaning.co.uk/bonnyrigg/render-softwashing/","text/html; charset=UTF-8","200","OK","Indexable","","Render Softwashing Bonnyrigg | Professional Exterior Cleaning | EdiClean Exterior Cleaning","90","801","Render softwashing specialists providing professional render cleaning and softwash render cleaning. Expert stain removal from render surfaces without damage. We come to you in Bonnyrigg and the surrounding areas. Get a free quote.","230","1459","","0","Render Softwashing Bonnyrigg","28","Render cleaning in Bonnyrigg","28","Why Choose Our Render Softwashing?","34","index, follow","","","https://edicleanexteriorcleaning.co.uk/bonnyrigg/render-softwashing/","","","","","","85472","15935","15935","6.104","","701","178","3.938","70.447","Fairly Easy","5.846","2","2","","3","2","0","1.070","77","41","0","6","3","0","","","","","9525b396199558cdba88d8c951ad4ee1","0.247","","","","","en","1.1","","","","","","https://edicleanexteriorcleaning.co.uk/bonnyrigg/render-softwashing/","2026-05-12 13:16:42"
"https://edicleanexteriorcleaning.co.uk/bonnyrigg/pvc-white-cleaning/","text/html; charset=UTF-8","200","OK","Indexable","","PVC White Cleaning Bonnyrigg | Professional Exterior Cleaning | EdiClean Exterior Cleaning","90","799","PVC white cleaning specialists: PVC fascias, soffit and gutter cleaning. Professional fascia and soffit cleaning and PVC restoration. We come to you in Bonnyrigg and the surrounding areas. Get a free quote.","206","1271","","0","PVC White Cleaning Bonnyrigg","28","Bonnyrigg fascia and soffit cleaning","36","Why Choose Our PVC White Cleaning?","34","index, follow","","","https://edicleanexteriorcleaning.co.uk/bonnyrigg/pvc-white-cleaning/","","","","","","85251","15947","15947","6.109","","701","176","3.983","78.246","Fairly Easy","5.726","2","2","","3","2","0","1.070","77","41","0","6","3","0","","","","","4a245b8198956d0d872f21af4a60a396","0.278","","","","","en","1.1","","","","","","https://edicleanexteriorcleaning.co.uk/bonnyrigg/pvc-white-cleaning/","2026-05-12 13:16:42"
"https://edicleanexteriorcleaning.co.uk/bonnyrigg/gutter-cleaning/","text/html; charset=UTF-8","200","OK","Indexable","","Gutter Cleaning Bonnyrigg | Professional Exterior Cleaning | EdiClean Exterior Cleaning","87","760","Gutter cleaning and gutter maintenance across Edinburgh, Midlothian, East Lothian and West Lothian. Expert gutter clearing service and gutter inspection and cleaning. We come to you in Bonnyrigg and the surrounding areas. Get a free quote.","239","1497","","0","Gutter Cleaning Bonnyrigg","25","Clear gutters in and around Bonnyrigg","37","Why Choose Our Gutter Cleaning?","31","index, follow","","","https://edicleanexteriorcleaning.co.uk/bonnyrigg/gutter-cleaning/","","","","","","85310","15908","15908","6.094","","696","173","4.023","73.785","Fairly Easy","5.711","2","2","","3","2","0","1.070","77","41","0","6","3","0","","","","","49fe6868f6145e05c3f1a87ce5f3b4fb","0.291","","","","","en","1.1","","","","","","https://edicleanexteriorcleaning.co.uk/bonnyrigg/gutter-cleaning/","2026-05-12 13:16:42"
"https://edicleanexteriorcleaning.co.uk/prestonpans/pvc-white-cleaning/","text/html; charset=UTF-8","200","OK","Indexable","","PVC White Cleaning Prestonpans | Professional Exterior Cleaning | EdiClean Exterior Cleaning","92","822","PVC white cleaning specialists: PVC fascias, soffit and gutter cleaning. Professional fascia and soffit cleaning and PVC restoration. We come to you in Prestonpans and the surrounding areas. Get a free quote.","208","1287","","0","PVC White Cleaning Prestonpans","30","Fascias and soffits in Prestonpans","34","Why Choose Our PVC White Cleaning?","34","index, follow","","","https://edicleanexteriorcleaning.co.uk/prestonpans/pvc-white-cleaning/","","","","","","85345","15949","15949","6.110","","702","177","3.966","77.958","Fairly Easy","5.747","2","2","","3","2","0","1.070","77","41","0","6","3","0","","","","","acc4e2a46e28db6fdb3a17f2f798a828","0.284","","","","","en","1.1","","","","","","https://edicleanexteriorcleaning.co.uk/prestonpans/pvc-white-cleaning/","2026-05-12 13:16:42"
"https://edicleanexteriorcleaning.co.uk/prestonpans/window-cleaning/","text/html; charset=UTF-8","200","OK","Indexable","","Window Cleaning Prestonpans | Professional Exterior Cleaning | EdiClean Exterior Cleaning","89","799","Residential and commercial window cleaning. Professional window washing for sparkling results every time. We come to you in Prestonpans and the surrounding areas. Get a free quote.","180","1148","","0","Window Cleaning Prestonpans","27","Prestonpans window cleaning","27","Why Choose Our Window Cleaning?","31","index, follow","","","https://edicleanexteriorcleaning.co.uk/prestonpans/window-cleaning/","","","","","","85068","15862","15862","6.076","","679","169","4.018","72.804","Fairly Easy","5.596","2","2","","3","2","0","1.070","77","41","0","6","3","0","","","","","a52c51672e4125ed99285d1265cc9d0f","0.263","","","","","en","1.1","","","","","","https://edicleanexteriorcleaning.co.uk/prestonpans/window-cleaning/","2026-05-12 13:16:42"
"https://edicleanexteriorcleaning.co.uk/prestonpans/render-softwashing/","text/html; charset=UTF-8","200","OK","Indexable","","Render Softwashing Prestonpans | Professional Exterior Cleaning | EdiClean Exterior Cleaning","92","823","Render softwashing specialists providing professional render cleaning and softwash render cleaning. Expert stain removal from render surfaces without damage. We come to you in Prestonpans and the surrounding areas. Get a free quote.","232","1475","","0","Render Softwashing Prestonpans","30","Render cleaning in Prestonpans","30","Why Choose Our Render Softwashing?","34","index, follow","","","https://edicleanexteriorcleaning.co.uk/prestonpans/render-softwashing/","","","","","","85566","15930","15930","6.102","","701","178","3.938","70.085","Fairly Easy","5.869","2","2","","3","2","0","1.070","77","41","0","6","3","0","","","","","f6374b2c7f8bed0d941242fb4fc51e0","0.283","","","","","en","1.1","","","","","","https://edicleanexteriorcleaning.co.uk/prestonpans/render-softwashing/","2026-05-12 13:16:42"
"https://edicleanexteriorcleaning.co.uk/prestonpans/gutter-cleaning/","text/html; charset=UTF-8","200","OK","Indexable","","Gutter Cleaning Prestonpans | Professional Exterior Cleaning | EdiClean Exterior Cleaning","89","783","Gutter cleaning and gutter maintenance across Edinburgh, Midlothian, East Lothian and West Lothian. Expert gutter clearing service and gutter inspection and cleaning. We come to you in Prestonpans and the surrounding areas. Get a free quote.","241","1513","","0","Gutter Cleaning Prestonpans","27","Gutter cleaning in Prestonpans","30","Why Choose Our Gutter Cleaning?","31","index, follow","","","https://edicleanexteriorcleaning.co.uk/prestonpans/gutter-cleaning/","","","","","","85478","15963","15963","6.115","","701","174","4.029","73.734","Fairly Easy","5.763","2","2","","3","2","0","1.070","77","41","0","6","3","0","","","","","402b3416f66fbebc2f8250b40e12dba","0.301","","","","","en","1.1","","","","","","https://edicleanexteriorcleaning.co.uk/prestonpans/gutter-cleaning/","2026-05-12 13:16:42"
"https://edicleanexteriorcleaning.co.uk/locations","text/html","301","Moved Permanently","Non-Indexable","Redirected","","0","0","","0","0","","0","","0","","0","","0","","","","","","","","","","98","98","98","0.038","","0","","","","","0.000","2","0","","175","175","0","93.580","0","0","0","0","0","0","","","","","","0.196","","https://edicleanexteriorcleaning.co.uk/locations/","HTTP Redirect","","","1.1","","","","","","https://edicleanexteriorcleaning.co.uk/locations","2026-05-12 13:16:43"
"https://edicleanexteriorcleaning.co.uk/prestonpans/driveway-cleaning/","text/html; charset=UTF-8","200","OK","Indexable","","Driveway Cleaning Prestonpans | Professional Exterior Cleaning | EdiClean Exterior Cleaning","91","808","Driveway cleaning, pressure washing and driveway restoration. Professional patio and driveway cleaning with pressure washing services. We come to you in Prestonpans and the surrounding areas. Get a free quote.","209","1325","","0","Driveway Cleaning Prestonpans","29","Prestonpans driveways—cleaned and restored","42","Why Choose Our Driveway Cleaning?","33","index, follow","","","https://edicleanexteriorcleaning.co.uk/prestonpans/driveway-cleaning/","","","","","","85423","15898","15898","6.090","","704","174","4.046","74.026","Fairly Easy","5.778","2","2","","3","2","0","1.070","77","41","0","6","3","0","","","","","1cad207f9608ee3329555b0e841eb75c","0.293","","","","","en","1.1","","","","","","https://edicleanexteriorcleaning.co.uk/prestonpans/driveway-cleaning/","2026-05-12 13:16:43"
"https://edicleanexteriorcleaning.co.uk/prestonpans/roof-steam-cleaning/","text/html; charset=UTF-8","200","OK","Indexable","","Roof Steam Cleaning Prestonpans | Professional Exterior Cleaning | EdiClean Exterior Cleaning","93","831","Safe roof steam cleaning for homes and businesses across Edinburgh, Midlothian, East Lothian and West Lothian. Professional moss removal from roof and algae removal from roof tiles. Roof cleaning and moss treatment for lasting results. We come to you in Prestonpans and the surrounding areas. Get a free quote.","310","1961","","0","Roof Steam Cleaning Prestonpans","31","Moss and algae removal in Prestonpans","37","Why Choose Our Roof Steam Cleaning?","35","index, follow","","","https://edicleanexteriorcleaning.co.uk/prestonpans/roof-steam-cleaning/","","","","","","86988","16092","16092","6.165","","769","186","4.134","72.933","Fairly Easy","6.163","2","2","","3","2","0","1.070","77","41","0","6","3","0","","","","","57e4b414deae46960a808f95b29ac45","0.282","","","","","en","1.1","","","","","","https://edicleanexteriorcleaning.co.uk/prestonpans/roof-steam-cleaning/","2026-05-12 13:16:43"
"https://edicleanexteriorcleaning.co.uk/penicuik/render-softwashing/","text/html; charset=UTF-8","200","OK","Indexable","","Render Softwashing Penicuik | Professional Exterior Cleaning | EdiClean Exterior Cleaning","89","787","Render softwashing specialists providing professional render cleaning and softwash render cleaning. Expert stain removal from render surfaces without damage. We come to you in Penicuik and the surrounding areas. Get a free quote.","229","1449","","0","Render Softwashing Penicuik","27","Softwashing render in and around Penicuik","41","Why Choose Our Render Softwashing?","34","index, follow","","","https://edicleanexteriorcleaning.co.uk/penicuik/render-softwashing/","","","","","","85429","15905","15905","6.093","","698","178","3.921","69.652","Normal","5.837","2","2","","3","2","0","1.070","77","41","0","6","3","0","","","","","760bb6dcb8c33efd7c59ee16d3cfd91d","0.287","","","","","en","1.1","","","","","","https://edicleanexteriorcleaning.co.uk/penicuik/render-softwashing/","2026-05-12 13:16:43"
"https://edicleanexteriorcleaning.co.uk/penicuik/driveway-cleaning/","text/html; charset=UTF-8","200","OK","Indexable","","Driveway Cleaning Penicuik | Professional Exterior Cleaning | EdiClean Exterior Cleaning","88","771","Driveway cleaning, pressure washing and driveway restoration. Professional patio and driveway cleaning with pressure washing services. We come to you in Penicuik and the surrounding areas. Get a free quote.","206","1299","","0","Driveway Cleaning Penicuik","26","Driveway cleaning in Penicuik","29","Why Choose Our Driveway Cleaning?","33","index, follow","","","https://edicleanexteriorcleaning.co.uk/penicuik/driveway-cleaning/","","","","","","85211","15859","15859","6.075","","693","172","4.029","72.855","Fairly Easy","5.705","2","2","","3","2","0","1.070","77","41","0","6","3","0","","","","","472b9e1701f3e227ec1dfc02137e114e","0.260","","","","","en","1.1","","","","","","https://edicleanexteriorcleaning.co.uk/penicuik/driveway-cleaning/","2026-05-12 13:16:43"
"https://edicleanexteriorcleaning.co.uk/penicuik/gutter-cleaning/","text/html; charset=UTF-8","200","OK","Indexable","","Gutter Cleaning Penicuik | Professional Exterior Cleaning | EdiClean Exterior Cleaning","86","746","Gutter cleaning and gutter maintenance across Edinburgh, Midlothian, East Lothian and West Lothian. Expert gutter clearing service and gutter inspection and cleaning. We come to you in Penicuik and the surrounding areas. Get a free quote.","238","1487","","0","Gutter Cleaning Penicuik","24","Clear gutters in and around Penicuik","36","Why Choose Our Gutter Cleaning?","31","index, follow","","","https://edicleanexteriorcleaning.co.uk/penicuik/gutter-cleaning/","","","","","","85266","15908","15908","6.094","","696","171","4.070","73.859","Fairly Easy","5.695","2","2","","3","2","0","1.070","77","41","0","6","3","0","","","","","a68977bec5a71b8da93dd90b7927ff6b","0.259","","","","","en","1.1","","","","","","https://edicleanexteriorcleaning.co.uk/penicuik/gutter-cleaning/","2026-05-12 13:16:43"
"https://edicleanexteriorcleaning.co.uk/penicuik/roof-steam-cleaning/","text/html; charset=UTF-8","200","OK","Indexable","","Roof Steam Cleaning Penicuik | Professional Exterior Cleaning | EdiClean Exterior Cleaning","90","794","Safe roof steam cleaning for homes and businesses across Edinburgh, Midlothian, East Lothian and West Lothian. Professional moss removal from roof and algae removal from roof tiles. Roof cleaning and moss treatment for lasting results. We come to you in Penicuik and the surrounding areas. Get a free quote.","307","1935","","0","Roof Steam Cleaning Penicuik","28","Moss and algae removal in Penicuik","34","Why Choose Our Roof Steam Cleaning?","35","index, follow","","","https://edicleanexteriorcleaning.co.uk/penicuik/roof-steam-cleaning/","","","","","","86849","16074","16074","6.158","","769","185","4.157","73.351","Fairly Easy","6.125","2","2","","3","2","0","1.070","77","41","0","6","3","0","","","","","53b0238033542452b884111c712212b7","0.311","","","","","en","1.1","","","","","","https://edicleanexteriorcleaning.co.uk/penicuik/roof-steam-cleaning/","2026-05-12 13:16:43"
"https://edicleanexteriorcleaning.co.uk/penicuik/pvc-white-cleaning/","text/html; charset=UTF-8","200","OK","Indexable","","PVC White Cleaning Penicuik | Professional Exterior Cleaning | EdiClean Exterior Cleaning","89","785","PVC white cleaning specialists: PVC fascias, soffit and gutter cleaning. Professional fascia and soffit cleaning and PVC restoration. We come to you in Penicuik and the surrounding areas. Get a free quote.","205","1261","","0","PVC White Cleaning Penicuik","27","Penicuik fascia and soffit cleaning","35","Why Choose Our PVC White Cleaning?","34","index, follow","","","https://edicleanexteriorcleaning.co.uk/penicuik/pvc-white-cleaning/","","","","","","85210","15986","15986","6.124","","701","175","4.006","78.343","Fairly Easy","5.710","2","2","","3","2","0","1.070","77","41","0","6","3","0","","","","","4dc40c00423913ef025dc6a62370b235","0.252","","","","","en","1.1","","","","","","https://edicleanexteriorcleaning.co.uk/penicuik/pvc-white-cleaning/","2026-05-12 13:16:43"
"https://edicleanexteriorcleaning.co.uk/prestonpans","text/html","301","Moved Permanently","Non-Indexable","Redirected","","0","0","","0","0","","0","","0","","0","","0","","","","","","","","","","98","98","98","0.038","","0","","","","","0.000","3","0","","6","6","0","3.210","0","0","0","0","0","0","","","","","","0.233","","https://edicleanexteriorcleaning.co.uk/prestonpans/","HTTP Redirect","","","1.1","","","","","","https://edicleanexteriorcleaning.co.uk/prestonpans","2026-05-12 13:16:44"
"https://edicleanexteriorcleaning.co.uk/bonnyrigg","text/html","301","Moved Permanently","Non-Indexable","Redirected","","0","0","","0","0","","0","","0","","0","","0","","","","","","","","","","98","98","98","0.038","","0","","","","","0.000","3","0","","6","6","0","3.210","0","0","0","0","0","0","","","","","","0.191","","https://edicleanexteriorcleaning.co.uk/bonnyrigg/","HTTP Redirect","","","1.1","","","","","","https://edicleanexteriorcleaning.co.uk/bonnyrigg","2026-05-12 13:16:44"
"https://edicleanexteriorcleaning.co.uk/penicuik","text/html","301","Moved Permanently","Non-Indexable","Redirected","","0","0","","0","0","","0","","0","","0","","0","","","","","","","","","","98","98","98","0.038","","0","","","","","0.000","3","0","","6","6","0","3.210","0","0","0","0","0","0","","","","","","0.292","","https://edicleanexteriorcleaning.co.uk/penicuik/","HTTP Redirect","","","1.1","","","","","","https://edicleanexteriorcleaning.co.uk/penicuik","2026-05-12 13:16:43"
"https://edicleanexteriorcleaning.co.uk/penicuik/window-cleaning/","text/html; charset=UTF-8","200","OK","Indexable","","Window Cleaning Penicuik | Professional Exterior Cleaning | EdiClean Exterior Cleaning","86","763","Residential and commercial window cleaning. Professional window washing for sparkling results every time. We come to you in Penicuik and the surrounding areas. Get a free quote.","177","1122","","0","Window Cleaning Penicuik","24","Window washing in and around Penicuik","37","Why Choose Our Window Cleaning?","31","index, follow","","","https://edicleanexteriorcleaning.co.uk/penicuik/window-cleaning/","","","","","","84903","15549","15549","5.957","","675","169","3.994","73.061","Fairly Easy","5.544","2","2","","3","2","0","1.070","77","41","0","6","3","0","","","","","95301da3a32f30b1361964fbd660a206","0.473","","","","","en","1.1","","","","","","https://edicleanexteriorcleaning.co.uk/penicuik/window-cleaning/","2026-05-12 13:16:43"
"https://edicleanexteriorcleaning.co.uk/fairmilehead","text/html","301","Moved Permanently","Non-Indexable","Redirected","","0","0","","0","0","","0","","0","","0","","0","","","","","","","","","","98","98","98","0.038","","0","","","","","0.000","3","0","","6","6","0","3.210","0","0","0","0","0","0","","","","","","0.151","","https://edicleanexteriorcleaning.co.uk/fairmilehead/","HTTP Redirect","","","1.1","","","","","","https://edicleanexteriorcleaning.co.uk/fairmilehead","2026-05-12 13:16:44"
"https://edicleanexteriorcleaning.co.uk/loanhead","text/html","301","Moved Permanently","Non-Indexable","Redirected","","0","0","","0","0","","0","","0","","0","","0","","","","","","","","","","98","98","98","0.038","","0","","","","","0.000","3","0","","6","6","0","3.210","0","0","0","0","0","0","","","","","","0.285","","https://edicleanexteriorcleaning.co.uk/loanhead/","HTTP Redirect","","","1.1","","","","","","https://edicleanexteriorcleaning.co.uk/loanhead","2026-05-12 13:16:44"
"https://edicleanexteriorcleaning.co.uk/blackhall","text/html","301","Moved Permanently","Non-Indexable","Redirected","","0","0","","0","0","","0","","0","","0","","0","","","","","","","","","","98","98","98","0.038","","0","","","","","0.000","3","0","","6","6","0","3.210","0","0","0","0","0","0","","","","","","0.381","","https://edicleanexteriorcleaning.co.uk/blackhall/","HTTP Redirect","","","1.1","","","","","","https://edicleanexteriorcleaning.co.uk/blackhall","2026-05-12 13:16:44"
"https://edicleanexteriorcleaning.co.uk/kirkliston","text/html","301","Moved Permanently","Non-Indexable","Redirected","","0","0","","0","0","","0","","0","","0","","0","","","","","","","","","","98","98","98","0.038","","0","","","","","0.000","3","0","","6","6","0","3.210","0","0","0","0","0","0","","","","","","0.469","","https://edicleanexteriorcleaning.co.uk/kirkliston/","HTTP Redirect","","","1.1","","","","","","https://edicleanexteriorcleaning.co.uk/kirkliston","2026-05-12 13:16:44"
"https://edicleanexteriorcleaning.co.uk/livingston","text/html","301","Moved Permanently","Non-Indexable","Redirected","","0","0","","0","0","","0","","0","","0","","0","","","","","","","","","","98","98","98","0.038","","0","","","","","0.000","3","0","","6","6","0","3.210","0","0","0","0","0","0","","","","","","0.434","","https://edicleanexteriorcleaning.co.uk/livingston/","HTTP Redirect","","","1.1","","","","","","https://edicleanexteriorcleaning.co.uk/livingston","2026-05-12 13:16:44"
"https://edicleanexteriorcleaning.co.uk/balerno","text/html","301","Moved Permanently","Non-Indexable","Redirected","","0","0","","0","0","","0","","0","","0","","0","","","","","","","","","","98","98","98","0.038","","0","","","","","0.000","3","0","","6","6","0","3.210","0","0","0","0","0","0","","","","","","0.368","","https://edicleanexteriorcleaning.co.uk/balerno/","HTTP Redirect","","","1.1","","","","","","https://edicleanexteriorcleaning.co.uk/balerno","2026-05-12 13:16:44"
"https://edicleanexteriorcleaning.co.uk/morningside","text/html","301","Moved Permanently","Non-Indexable","Redirected","","0","0","","0","0","","0","","0","","0","","0","","","","","","","","","","98","98","98","0.038","","0","","","","","0.000","3","0","","6","6","0","3.210","0","0","0","0","0","0","","","","","","0.297","","https://edicleanexteriorcleaning.co.uk/morningside/","HTTP Redirect","","","1.1","","","","","","https://edicleanexteriorcleaning.co.uk/morningside","2026-05-12 13:16:44"
"https://edicleanexteriorcleaning.co.uk/north-berwick","text/html","301","Moved Permanently","Non-Indexable","Redirected","","0","0","","0","0","","0","","0","","0","","0","","","","","","","","","","98","98","98","0.038","","0","","","","","0.000","3","0","","6","6","0","3.210","0","0","0","0","0","0","","","","","","0.356","","https://edicleanexteriorcleaning.co.uk/north-berwick/","HTTP Redirect","","","1.1","","","","","","https://edicleanexteriorcleaning.co.uk/north-berwick","2026-05-12 13:16:44"
"https://edicleanexteriorcleaning.co.uk/davidsons-mains","text/html","301","Moved Permanently","Non-Indexable","Redirected","","0","0","","0","0","","0","","0","","0","","0","","","","","","","","","","98","98","98","0.038","","0","","","","","0.000","3","0","","6","6","0","3.210","0","0","0","0","0","0","","","","","","0.257","","https://edicleanexteriorcleaning.co.uk/davidsons-mains/","HTTP Redirect","","","1.1","","","","","","https://edicleanexteriorcleaning.co.uk/davidsons-mains","2026-05-12 13:16:44"
"https://edicleanexteriorcleaning.co.uk/corstorphine","text/html","301","Moved Permanently","Non-Indexable","Redirected","","0","0","","0","0","","0","","0","","0","","0","","","","","","","","","","98","98","98","0.038","","0","","","","","0.000","3","0","","6","6","0","3.210","0","0","0","0","0","0","","","","","","0.302","","https://edicleanexteriorcleaning.co.uk/corstorphine/","HTTP Redirect","","","1.1","","","","","","https://edicleanexteriorcleaning.co.uk/corstorphine","2026-05-12 13:16:44"
"https://edicleanexteriorcleaning.co.uk/cramond","text/html","301","Moved Permanently","Non-Indexable","Redirected","","0","0","","0","0","","0","","0","","0","","0","","","","","","","","","","98","98","98","0.038","","0","","","","","0.000","3","0","","6","6","0","3.210","0","0","0","0","0","0","","","","","","0.384","","https://edicleanexteriorcleaning.co.uk/cramond/","HTTP Redirect","","","1.1","","","","","","https://edicleanexteriorcleaning.co.uk/cramond","2026-05-12 13:16:44"
"https://edicleanexteriorcleaning.co.uk/tranent","text/html","301","Moved Permanently","Non-Indexable","Redirected","","0","0","","0","0","","0","","0","","0","","0","","","","","","","","","","98","98","98","0.038","","0","","","","","0.000","3","0","","6","6","0","3.210","0","0","0","0","0","0","","","","","","0.255","","https://edicleanexteriorcleaning.co.uk/tranent/","HTTP Redirect","","","1.1","","","","","","https://edicleanexteriorcleaning.co.uk/tranent","2026-05-12 13:16:45"
"https://edicleanexteriorcleaning.co.uk/trinity","text/html","301","Moved Permanently","Non-Indexable","Redirected","","0","0","","0","0","","0","","0","","0","","0","","","","","","","","","","98","98","98","0.038","","0","","","","","0.000","3","0","","6","6","0","3.210","0","0","0","0","0","0","","","","","","0.412","","https://edicleanexteriorcleaning.co.uk/trinity/","HTTP Redirect","","","1.1","","","","","","https://edicleanexteriorcleaning.co.uk/trinity","2026-05-12 13:16:44"
"https://edicleanexteriorcleaning.co.uk/haddington","text/html","301","Moved Permanently","Non-Indexable","Redirected","","0","0","","0","0","","0","","0","","0","","0","","","","","","","","","","98","98","98","0.038","","0","","","","","0.000","3","0","","6","6","0","3.210","0","0","0","0","0","0","","","","","","0.382","","https://edicleanexteriorcleaning.co.uk/haddington/","HTTP Redirect","","","1.1","","","","","","https://edicleanexteriorcleaning.co.uk/haddington","2026-05-12 13:16:45"
"https://edicleanexteriorcleaning.co.uk/south-queensferry","text/html","301","Moved Permanently","Non-Indexable","Redirected","","0","0","","0","0","","0","","0","","0","","0","","","","","","","","","","98","98","98","0.038","","0","","","","","0.000","3","0","","6","6","0","3.210","0","0","0","0","0","0","","","","","","0.379","","https://edicleanexteriorcleaning.co.uk/south-queensferry/","HTTP Redirect","","","1.1","","","","","","https://edicleanexteriorcleaning.co.uk/south-queensferry","2026-05-12 13:16:45"
"https://edicleanexteriorcleaning.co.uk/murrayfield","text/html","301","Moved Permanently","Non-Indexable","Redirected","","0","0","","0","0","","0","","0","","0","","0","","","","","","","","","","98","98","98","0.038","","0","","","","","0.000","3","0","","6","6","0","3.210","0","0","0","0","0","0","","","","","","0.325","","https://edicleanexteriorcleaning.co.uk/murrayfield/","HTTP Redirect","","","1.1","","","","","","https://edicleanexteriorcleaning.co.uk/murrayfield","2026-05-12 13:16:45"
"https://edicleanexteriorcleaning.co.uk/linlithgow","text/html","301","Moved Permanently","Non-Indexable","Redirected","","0","0","","0","0","","0","","0","","0","","0","","","","","","","","","","98","98","98","0.038","","0","","","","","0.000","3","0","","6","6","0","3.210","0","0","0","0","0","0","","","","","","0.262","","https://edicleanexteriorcleaning.co.uk/linlithgow/","HTTP Redirect","","","1.1","","","","","","https://edicleanexteriorcleaning.co.uk/linlithgow","2026-05-12 13:16:45"
"https://edicleanexteriorcleaning.co.uk/musselburgh","text/html","301","Moved Permanently","Non-Indexable","Redirected","","0","0","","0","0","","0","","0","","0","","0","","","","","","","","","","98","98","98","0.038","","0","","","","","0.000","3","0","","6","6","0","3.210","0","0","0","0","0","0","","","","","","0.338","","https://edicleanexteriorcleaning.co.uk/musselburgh/","HTTP Redirect","","","1.1","","","","","","https://edicleanexteriorcleaning.co.uk/musselburgh","2026-05-12 13:16:45"
"https://edicleanexteriorcleaning.co.uk/barnton","text/html","301","Moved Permanently","Non-Indexable","Redirected","","0","0","","0","0","","0","","0","","0","","0","","","","","","","","","","98","98","98","0.038","","0","","","","","0.000","3","0","","6","6","0","3.210","0","0","0","0","0","0","","","","","","0.292","","https://edicleanexteriorcleaning.co.uk/barnton/","HTTP Redirect","","","1.1","","","","","","https://edicleanexteriorcleaning.co.uk/barnton","2026-05-12 13:16:45"
"https://edicleanexteriorcleaning.co.uk/juniper-green","text/html","301","Moved Permanently","Non-Indexable","Redirected","","0","0","","0","0","","0","","0","","0","","0","","","","","","","","","","98","98","98","0.038","","0","","","","","0.000","3","0","","6","6","0","3.210","0","0","0","0","0","0","","","","","","0.236","","https://edicleanexteriorcleaning.co.uk/juniper-green/","HTTP Redirect","","","1.1","","","","","","https://edicleanexteriorcleaning.co.uk/juniper-green","2026-05-12 13:16:45"
"https://edicleanexteriorcleaning.co.uk/dalkeith","text/html","301","Moved Permanently","Non-Indexable","Redirected","","0","0","","0","0","","0","","0","","0","","0","","","","","","","","","","98","98","98","0.038","","0","","","","","0.000","3","0","","6","6","0","3.210","0","0","0","0","0","0","","","","","","0.295","","https://edicleanexteriorcleaning.co.uk/dalkeith/","HTTP Redirect","","","1.1","","","","","","https://edicleanexteriorcleaning.co.uk/dalkeith","2026-05-12 13:16:45"
"https://edicleanexteriorcleaning.co.uk/colinton","text/html","301","Moved Permanently","Non-Indexable","Redirected","","0","0","","0","0","","0","","0","","0","","0","","","","","","","","","","98","98","98","0.038","","0","","","","","0.000","3","0","","6","6","0","3.210","0","0","0","0","0","0","","","","","","0.333","","https://edicleanexteriorcleaning.co.uk/colinton/","HTTP Redirect","","","1.1","","","","","","https://edicleanexteriorcleaning.co.uk/colinton","2026-05-12 13:16:45"
"https://edicleanexteriorcleaning.co.uk/services","text/html","301","Moved Permanently","Non-Indexable","Redirected","","0","0","","0","0","","0","","0","","0","","0","","","","","","","","","","98","98","98","0.038","","0","","","","","0.000","3","0","","150","150","0","80.210","0","0","0","0","0","0","","","","","","0.273","","https://edicleanexteriorcleaning.co.uk/services/","HTTP Redirect","","","1.1","","","","","","https://edicleanexteriorcleaning.co.uk/services","2026-05-12 13:16:45"
